revenue,payment_delay,cash_flow_issue,digital_score,loan_demand,risk_score,spending_score,Interested
1792743,41,0,8,650682,26.5,27.92743,1
4404572,59,1,9,225231,56.5,49.04572,1
2334489,83,0,7,355858,48.5,25.34489,1
1670006,69,1,5,130722,55.5,29.70006,1
1236074,11,0,5,337374,20.5,13.36074,0
4144887,1,1,6,666842,28.5,72.44887,1
1339911,6,1,5,99262,35.0,43.39911,0
4572471,79,0,9,91722,50.5,55.72471,1
2238242,2,1,3,899228,37.0,43.382419999999996,0
4623669,2,1,3,745519,22.0,48.23669,0
1866891,26,1,7,290740,45.0,67.66891,1
4621373,39,0,7,661340,19.5,76.21373,1
3444769,32,1,6,150808,54.0,66.44769,1
891743,0,1,3,305416,30.0,31.91743,0
203355,7,1,7,312128,27.5,2.03355,1
1362752,31,1,5,795569,35.5,56.627520000000004,1
1496025,47,1,7,448455,62.5,28.960250000000002,1
1407371,3,1,2,820340,33.5,50.07371,0
1017040,69,1,6,928383,61.5,36.1704,1
2353882,18,1,8,363030,34.0,60.53882,1
3630409,31,1,1,939856,51.5,83.30409,1
4949115,8,1,4,470411,35.0,75.49115,0
4821339,11,1,1,154697,25.5,91.21339,0
4942447,10,1,1,538075,27.0,60.42447,0
1600942,45,0,8,281572,35.5,18.00942,1
4360029,15,1,7,807130,34.5,72.60029,1
3375709,0,1,1,670587,30.0,64.75709,0
184654,62,1,2,740034,64.0,23.84654,1
2054354,20,1,4,199177,37.0,21.54354,0
2516182,29,0,1,210811,16.5,31.16182,0
3574675,12,1,3,556957,32.0,68.74674999999999,0
2752991,33,0,8,213041,34.5,58.52991,1
2528388,3,1,8,588785,24.5,63.283879999999996,1
628178,27,1,8,445032,48.5,37.28178,1
2763046,58,1,6,828492,61.0,69.63046,1
2686644,26,0,6,955347,32.0,68.86644,0
2670406,68,1,5,307471,72.0,39.70406,1
3516664,24,0,9,142019,16.0,37.16664,0
3485659,2,0,4,764614,5.0,79.85659,0
3485357,67,0,7,159017,52.5,65.85356999999999,1
2895513,24,0,1,905817,15.0,70.95513,0
1565689,19,1,9,268220,30.5,50.656890000000004,1
168148,33,1,7,155153,48.5,17.68148,1
1925665,25,0,9,608114,27.5,66.25665000000001,0
2845683,4,1,7,684322,23.0,30.45683,1
3497723,60,0,2,658530,48.0,43.97723,0
3103758,8,1,6,959498,40.0,77.03757999999999,1
4156518,49,1,4,624388,48.5,80.56518,1
2769995,5,1,3,795459,39.5,44.69995,0
4550812,82,1,2,961602,78.0,47.50812,1
4898669,59,1,6,971863,56.5,86.98669000000001,1
1970928,43,0,8,408349,35.5,28.70928,1
4255299,10,1,6,62809,37.0,50.55299,1
2657489,65,0,9,638738,44.5,71.57489,1
1873415,46,1,5,350572,58.0,63.73415,1
2405413,72,1,2,909222,75.0,34.05413,1
4010197,84,1,8,161126,74.0,72.10197,1
371836,87,0,9,402465,62.5,38.71836,1
3684702,85,1,4,838525,63.5,61.84702,1
2195505,2,0,6,618786,3.0,47.95505,0
2399435,75,1,8,690539,71.5,60.99435,1
296769,29,0,9,615273,32.5,23.96769,0
2758505,89,0,5,868441,56.5,52.585049999999995,0
1371741,20,1,6,440659,34.0,34.71741,1
3869315,27,1,4,67718,38.5,42.69315,0
1146797,89,0,5,328849,57.5,45.46797,0
3147262,61,0,7,399762,33.5,32.47262,1
1684398,32,1,9,112598,54.0,50.84398,1
2685031,84,1,6,914310,68.0,34.85031,1
664685,34,1,6,324383,40.0,54.64685,1
2979190,51,0,8,883054,26.5,46.7919,1
1411736,33,0,4,620953,22.5,56.11736,0
1107293,40,0,3,868706,22.0,22.07293,0
4874183,50,0,7,978923,39.0,50.74183,1
3466612,46,1,5,944800,43.0,51.66612,1
123247,81,1,2,196075,61.5,38.23247,1
2804238,57,0,2,736226,37.5,34.04238,0
2730708,74,0,6,203060,52.0,59.30708,1
3594679,56,0,8,499110,42.0,40.94679,1
1867640,22,1,1,944995,45.0,35.6764,0
2713740,47,1,6,565340,56.5,71.1374,1
1385160,21,0,2,271516,23.5,34.8516,0
1525472,16,0,2,711034,13.0,53.25472,0
148984,68,1,7,775898,67.0,9.489840000000001,1
2500070,10,1,1,405247,41.0,59.000699999999995,0
3365879,14,1,6,116446,44.0,55.65879,1
1604384,34,0,7,603360,36.0,27.04384,1
2330919,32,0,8,83717,34.0,46.30919,1
1852126,83,1,7,268417,77.5,67.52126,1
4430634,15,0,6,207723,22.5,83.30634,0
1837095,33,0,9,429346,23.5,26.37095,1
2211138,65,1,3,434533,58.5,34.11138,1
4880450,39,0,6,159525,38.5,87.80449999999999,1
2209818,27,1,4,506566,44.5,63.09818,0
2331785,46,0,2,263092,31.0,39.31785,0
4583302,38,0,1,54646,32.0,51.83302,0
3048089,69,1,1,351857,73.5,46.48089,1
2825928,72,0,3,380080,36.0,77.25928,0
3953339,19,1,4,225403,38.5,62.53339,0
1943400,0,1,2,334329,36.0,20.434,0
1179111,71,0,1,396407,51.5,45.79111,0
1096107,86,1,4,804016,79.0,37.96107,1
3621441,62,0,7,626395,34.0,54.21441,1
4645583,66,1,6,819153,69.0,78.45582999999999,1
1970230,3,0,6,509770,18.5,39.7023,0
3847389,57,1,9,853995,67.5,47.47389,1
4242807,24,0,2,645017,13.0,87.42806999999999,0
4783874,46,1,4,327845,50.0,91.83874,1
3702279,37,1,5,250144,50.5,45.02279,1
2221690,14,1,1,789782,46.0,59.216899999999995,0
3091650,62,0,8,545339,45.0,35.9165,1
591234,20,0,8,826903,29.0,46.91234,0
2048260,56,1,6,702619,56.0,54.482600000000005,1
4433486,52,1,5,734770,48.0,61.33486,1
1621101,45,0,8,149280,24.5,34.21101,1
4478368,13,1,3,764075,27.5,48.78368,0
4508324,75,0,3,88665,37.5,69.08324,0
3236729,16,1,2,328101,41.0,42.36729,0
997421,38,0,5,882440,35.0,18.97421,0
222409,8,0,3,898352,16.0,18.22409,0
2116716,76,1,3,833573,76.0,56.167159999999996,1
2450770,78,0,6,738235,53.0,49.5077,1
869598,81,1,8,163828,73.5,38.69598,1
3367824,5,1,2,960284,23.5,64.67824,0
3431068,22,0,4,706986,17.0,54.31068,0
3356415,58,0,7,140815,45.0,50.56415,1
974371,45,1,1,244894,59.5,26.74371,1
2932868,37,0,1,777773,23.5,29.32868,0
3972998,13,1,7,214714,33.5,52.72998,1
1073548,71,1,7,874743,56.5,17.735480000000003,1
3444014,61,1,1,82356,50.5,35.44014,1
1313475,34,0,1,315953,32.0,27.13475,0
3570495,18,0,4,871307,15.0,68.70495,0
3059034,29,0,5,815409,24.5,65.59034,0
4674293,77,0,5,321609,52.5,46.74293,0
143585,83,1,4,771455,73.5,21.43585,1
3157213,24,1,8,385988,33.0,72.57213,1
2639448,39,0,7,246322,32.5,26.39448,1
209556,87,0,9,923321,48.5,33.09556,1
1675557,13,0,7,589538,14.5,35.75557,0
4127419,25,1,1,96023,38.5,87.27419,0
4494539,86,0,7,675638,60.0,79.94539,1
2223091,21,1,1,227696,38.5,60.23091,0
2109021,47,0,7,590715,26.5,50.09021,1
1301482,82,1,8,476492,69.0,19.01482,1
642335,50,1,9,908075,48.0,27.42335,1
3533977,2,0,3,260084,12.0,84.33977,0
4370070,41,0,4,184511,23.5,87.7007,0
3660920,18,1,4,529064,48.0,45.6092,0
2584413,72,0,9,792691,49.0,32.84413,1
3007360,27,1,7,128672,39.5,56.0736,1
2882592,83,1,3,522919,73.5,37.825919999999996,1
2335000,44,1,5,67300,49.0,36.35,1
4422252,70,1,7,372433,59.0,89.22252,1
502690,77,0,8,460398,49.5,15.026900000000001,1
4793350,62,0,1,513723,43.0,52.9335,0
2648421,72,1,2,494128,75.0,46.484210000000004,1
4316263,18,0,7,994413,22.0,75.16263000000001,0
3906618,46,1,2,69659,60.0,57.06618,1
2054109,13,0,7,736763,25.5,58.54109,0
4522880,37,0,9,295259,21.5,68.2288,1
3212754,52,1,2,476802,63.0,49.12754,1
1484250,60,0,7,60360,36.0,48.8425,1
4125717,35,1,4,857856,51.5,83.25717,1
161087,39,1,2,672323,44.5,37.61087,1
1596176,80,1,7,553447,75.0,33.96176,1
1986013,29,1,5,98791,53.5,42.86013,0
4734096,8,1,1,446281,31.0,80.34096,0
139353,63,1,5,774155,66.5,22.39353,1
3460011,32,0,3,558810,31.0,37.60011,0
4359622,51,1,7,324444,47.5,52.59622,1
516880,88,1,6,607658,80.0,6.1688,1
913168,13,1,8,775191,34.5,16.13168,1
325281,74,1,5,77209,59.0,35.25281,1
3217697,52,0,2,551503,45.0,69.17697,0
3882875,58,1,9,333071,55.0,80.82875,1
3095765,77,1,8,608867,75.5,57.95765,1
369536,40,0,6,553623,31.0,12.69536,1
4472093,67,1,7,845464,71.5,88.72093000000001,1
1661729,67,1,9,667542,68.5,16.61729,1
2322809,7,1,7,914845,39.5,56.22809,1
781669,1,1,3,687816,39.5,9.816690000000001,0
3964822,85,1,6,797562,76.5,47.64822,1
1219043,40,0,7,436060,20.0,16.19043,1
3429462,54,1,2,812580,48.0,75.29462000000001,1
2306903,15,0,3,908734,14.5,32.06903,0
1841093,61,1,4,755314,51.5,29.41093,1
2658231,47,1,6,298342,61.5,43.58231,1
4400385,29,0,1,793725,22.5,64.00385,0
3180389,11,0,9,922189,13.5,51.803889999999996,0
1761909,34,1,5,468318,49.0,17.61909,1
2756138,10,0,7,852364,10.0,29.56138,0
210078,63,1,9,862146,65.5,6.10078,1
2015631,49,0,9,107803,42.5,44.156310000000005,1
1504104,84,0,1,482959,56.0,63.04104,0
2108187,20,1,1,183624,47.0,28.08187,0
1759066,68,1,3,630915,60.0,33.59066,1
4273125,47,1,6,751347,53.5,50.73125,1
2248815,19,0,2,391954,16.5,53.488150000000005,0
4124066,66,1,1,95380,58.0,46.24066,1
4606259,43,1,1,210322,48.5,94.06259,1
4235314,32,1,5,773704,37.0,81.35314,1
1010681,72,1,4,901118,74.0,30.10681,1
1707618,60,1,1,552610,65.0,23.07618,1
3996830,8,1,4,432465,30.0,45.9683,0
4436787,67,0,3,569339,42.5,90.36787000000001,0
2855423,34,1,2,881460,48.0,66.55423,1
2133350,80,0,9,720655,56.0,47.3335,1
2411987,87,1,1,949573,69.5,31.11987,1
4696200,64,0,7,891680,39.0,54.962,1
4771399,7,1,4,322667,29.5,74.71399,0
171295,44,1,5,357674,45.0,15.71295,1
843974,86,0,5,833413,45.0,9.43974,0
3545376,46,0,1,588057,41.0,41.45376,0
3712600,39,0,6,162035,33.5,83.126,1
925816,75,1,9,225717,60.5,26.25816,1
474705,53,1,2,796103,54.5,25.74705,1
3817270,75,0,7,505358,49.5,87.17269999999999,1
1956926,45,1,6,806120,59.5,28.56926,1
1758845,46,0,5,730917,38.0,66.58845,0
2126793,14,1,4,809087,27.0,53.26793,0
654594,18,1,4,391926,32.0,12.54594,0
247718,25,0,6,390526,29.5,4.477180000000001,0
4939567,51,1,4,218157,52.5,62.39567,1
3604473,21,0,5,494573,29.5,79.04473,0
2304664,20,0,6,947371,25.0,68.04664,0
4441747,50,0,5,194542,35.0,79.41747000000001,0
1619163,37,0,7,915144,37.5,28.19163,1
4667920,19,1,9,692931,47.5,61.6792,1
786976,28,1,7,419561,52.0,22.86976,1
2572189,50,1,7,260154,62.0,29.72189,1
3241259,3,0,4,712165,19.5,56.41259,0
217796,54,0,1,263396,37.0,39.17796,0
1341082,70,1,8,964688,57.0,50.41082,1
4992680,27,1,4,800244,40.5,98.9268,0
4992306,3,0,1,231844,20.5,86.92305999999999,0
4214639,21,1,5,572797,48.5,80.14639,0
2788130,75,1,8,675710,66.5,74.8813,1
3774515,44,1,4,401444,57.0,77.74515,1
1679159,66,1,8,318774,57.0,41.79159,1
1007317,85,0,8,960906,61.5,22.073169999999998,1
2585367,65,0,3,411013,40.5,68.85367,0
4615488,87,1,9,852133,70.5,71.15487999999999,1
768234,33,0,3,195931,26.5,7.68234,0
478480,54,1,1,464399,62.0,11.7848,1
891971,0,1,2,933717,26.0,11.91971,0
601157,71,0,6,691844,49.5,26.01157,1
4478727,86,1,2,278495,82.0,65.78727,1
4224499,37,0,6,304809,34.5,78.24499,1
2713501,5,1,1,779672,27.5,75.13501,0
3021944,85,1,1,65021,76.5,32.21944,1
4427576,24,1,5,775223,39.0,62.27576,0
3183153,81,1,9,498781,66.5,31.83153,1
2899487,16,1,8,491259,29.0,56.99487,1
3004941,60,1,3,778510,62.0,52.04941,1
2200021,11,1,3,114361,30.5,54.000209999999996,0
1460828,5,0,1,968749,6.5,54.60828,0
718467,89,0,3,846787,63.5,29.18467,0
2235619,26,0,1,148841,13.0,26.35619,0
4055488,7,0,8,754364,20.5,46.55488,0
4774351,82,1,1,296300,75.0,52.74351,1
1807923,64,1,5,210786,61.0,66.07923,1
228391,56,1,9,591486,50.0,23.28391,1
1117026,39,0,7,379095,23.5,59.17026,1
4401754,13,1,4,969156,38.5,56.01754,0
2369042,34,0,9,486841,24.0,34.69042,1
2083509,47,1,9,308466,44.5,23.83509,1
216381,83,1,2,529198,69.5,9.16381,1
1621701,55,0,6,593028,43.5,52.21701,1
1720197,48,0,4,315954,41.0,47.20197,0
2331660,12,0,8,960175,18.0,59.3166,0
1878226,60,1,7,984073,50.0,62.78226,1
1299386,48,1,7,308308,55.0,37.99386,1
3538618,45,1,9,149855,61.5,77.38618,1
2114484,61,0,5,784480,49.5,28.14484,0
3037629,7,1,6,863215,27.5,69.37629,1
2557184,42,1,1,171701,48.0,57.57184,1
3243963,19,1,6,542281,43.5,76.43963,1
4203022,89,0,2,390191,46.5,70.03022,0
1518175,38,0,6,845903,24.0,19.18175,1
3906688,84,1,9,160771,74.0,66.06688,1
3872962,48,0,8,56163,35.0,77.72962,1
4291423,63,0,9,898503,49.5,58.91423,1
4141776,61,0,8,66065,47.5,63.41776,1
2827423,53,1,3,434467,46.5,72.27423,1
1860427,8,1,8,815550,30.0,26.60427,1
4418427,87,1,6,954401,74.5,45.18427,1
3551356,36,1,6,395600,47.0,66.51356,1
1231565,48,1,6,547721,55.0,60.31565,1
3544084,40,0,3,298924,30.0,65.44084000000001,0
3027109,16,1,1,753708,31.0,36.27109,0
4472578,87,0,4,855586,61.5,73.72578,0
2609079,20,1,6,942135,35.0,28.09079,1
2987004,50,0,2,594517,33.0,37.87004,0
2031760,58,0,7,364731,48.0,29.3176,1
231373,38,0,7,824758,28.0,47.31373,1
215294,54,0,4,361857,31.0,51.15294,0
3232514,40,0,4,732357,32.0,78.32514,0
4942611,38,0,1,595389,27.0,74.42611,0
4435868,12,1,2,614679,27.0,44.35868,0
1526388,63,1,9,256935,68.5,44.26388,1
3951424,10,1,8,122723,25.0,76.51424,1
2315167,18,1,8,276293,40.0,37.151669999999996,1
3986402,10,1,9,240477,34.0,63.86402,1
789944,76,1,7,216020,59.0,12.89944,1
788105,45,1,9,936696,50.5,24.881050000000002,1
2710910,44,0,2,350065,23.0,27.1091,0
2089173,0,0,6,515787,13.0,22.89173,0
3180761,39,1,3,520223,49.5,47.80761,1
1514466,18,1,6,864892,39.0,62.14466,1
545101,75,1,3,561174,73.5,12.45101,1
1205534,71,0,8,464287,38.5,60.05534,1
3327802,71,0,4,771478,47.5,72.27802,0
1683593,60,1,6,229354,56.0,32.835930000000005,1
1903649,11,0,9,666013,20.5,43.03649,0
1324665,60,1,2,370589,50.0,53.24665,1
2394544,32,1,2,786427,48.0,34.945440000000005,1
4453127,44,1,7,394352,42.0,72.53127,1
598863,89,1,2,498032,74.5,29.98863,1
467654,68,1,2,418427,59.0,39.67654,1
2776188,7,1,4,135779,42.5,51.761880000000005,0
3395990,24,1,9,53060,34.0,61.9599,1
1592785,45,1,8,700094,53.5,25.92785,1
897079,86,0,2,325875,47.0,11.97079,0
4958380,29,0,8,389974,22.5,62.5838,0
4142787,46,0,4,690159,34.0,86.42787,0
4028083,86,1,2,595007,72.0,77.28083000000001,1
2799015,48,1,7,623404,62.0,43.99015,1
3514527,46,1,6,564583,47.0,36.14527,1
1386125,83,0,5,600613,45.5,20.86125,0
3840047,81,0,1,990101,48.5,73.40047,0
548982,17,1,2,64551,47.5,14.48982,0
1272622,65,0,8,405431,48.5,18.726219999999998,1
2603771,67,1,1,336422,62.5,61.037710000000004,1
3277825,32,1,3,534405,36.0,47.77825,1
1096161,35,1,2,65141,52.5,23.96161,1
4283839,81,0,5,380057,54.5,57.83839,0
766326,18,0,4,870047,25.0,31.66326,0
749150,27,0,7,696346,32.5,47.4915,0
3475957,39,1,5,768111,51.5,37.75957,1
218834,83,1,8,686972,61.5,30.18834,1
3339576,75,0,4,339596,44.5,38.39576,0
3298649,14,1,6,465941,31.0,32.98649,1
4579125,40,1,4,624679,45.0,83.79124999999999,1
4349913,38,0,2,694576,38.0,43.49913,0
4522201,1,1,1,780420,33.5,84.22201,0
1179600,62,1,1,163535,61.0,13.796,1
1125715,28,0,8,192770,19.0,11.25715,0
1538533,73,0,4,289947,46.5,15.38533,0
2381230,65,1,5,660999,64.5,61.8123,1
3603157,50,1,8,914282,56.0,56.03157,1
561243,74,1,7,946165,58.0,49.61243,1
2158852,76,1,8,314509,60.0,50.58852,1
3359360,9,1,8,802913,27.5,64.59360000000001,1
2085588,13,0,6,934094,22.5,52.85588,0
351451,81,1,2,617660,65.5,50.51451,1
4297355,50,1,6,618422,51.0,63.97355,1
1852683,72,0,1,874255,50.0,47.526830000000004,0
1104646,38,1,1,645446,49.0,56.046459999999996,1
1071525,27,1,3,932508,35.5,13.71525,0
3967500,2,0,3,811447,6.0,61.675,0
4483711,83,1,5,183021,62.5,87.83711,1
549395,69,0,1,623684,47.5,29.493949999999998,0
1360386,26,0,6,420480,21.0,24.603859999999997,0
3154390,1,0,7,81912,17.5,47.5439,0
3479569,37,1,3,106947,56.5,48.79569,1
3000603,2,1,4,563676,32.0,39.006029999999996,0
3067197,15,0,3,540913,19.5,64.67197,0
322866,39,1,1,94387,50.5,31.22866,1
1235248,1,0,8,328652,11.5,23.35248,0
1746711,80,1,2,357736,77.0,17.46711,1
1523286,40,1,1,683537,48.0,15.23286,1
3795961,11,1,8,51919,41.5,46.95961,1
3277945,34,1,7,879027,52.0,49.77945,1
3513821,64,0,7,190689,48.0,81.13821,1
283062,54,0,4,518484,34.0,3.83062,0
2591518,44,1,9,83298,52.0,73.91517999999999,1
2941992,78,1,6,287225,60.0,36.419920000000005,1
4394539,89,0,2,974433,51.5,64.94539,0
3320468,84,0,1,283725,53.0,54.20468,0
903328,61,0,1,326600,30.5,34.03328,0
4162958,48,1,9,159599,56.0,66.62958,1
1143233,24,0,4,923108,28.0,19.43233,0
1811741,22,1,5,133721,44.0,38.11741,0
629525,23,1,3,874356,44.5,36.29525,0
276615,37,1,4,860672,53.5,44.76615,1
4481932,27,0,8,399525,29.5,49.81932,0
2835988,20,1,4,321372,35.0,41.359880000000004,0
4701020,53,0,9,858118,32.5,79.0102,1
3799391,17,1,9,586208,28.5,43.99391,1
641252,35,1,6,581720,51.5,29.41252,1
1786293,44,0,2,506791,41.0,25.86293,0
3712610,72,1,7,684795,73.0,47.1261,1
2264367,52,1,9,442653,58.0,44.64367,1
2004050,29,1,6,383869,35.5,67.04050000000001,1
244356,59,0,3,798935,47.5,3.44356,0
4498165,31,1,7,739270,49.5,58.98165,1
3199320,66,1,5,696052,64.0,65.9932,1
455612,66,1,1,211298,67.0,39.55612,1
3700333,27,1,3,254222,50.5,64.00333,0
109435,43,0,5,371243,34.5,39.09435,0
4741860,78,1,7,162557,64.0,90.4186,1
1848014,40,1,3,923192,51.0,21.48014,1
3821309,62,1,6,592301,70.0,47.21309,1
4373085,22,1,5,595734,36.0,48.73085,0
2388627,74,0,1,941641,45.0,52.886269999999996,0
864121,47,0,6,546409,26.5,53.64121,1
1269748,31,0,8,775735,31.5,46.69748,1
3602630,56,0,1,676549,29.0,84.02629999999999,0
2682115,32,1,2,932171,51.0,68.82115,1
1207677,23,0,4,312701,24.5,21.07677,0
388790,38,0,2,998170,26.0,34.8879,0
2744489,33,1,9,742749,49.5,68.44489,1
1508836,55,1,8,753060,48.5,56.08836,1
1741249,27,1,8,180878,48.5,19.41249,1
4944723,36,1,4,673431,41.0,74.44722999999999,1
3793305,6,0,5,598866,3.0,51.93305,0
4566271,67,1,4,649067,72.5,61.66271,1
4485536,36,1,9,714956,51.0,70.85535999999999,1
1452695,55,0,2,893932,34.5,31.52695,0
2206692,64,1,8,646822,54.0,40.066919999999996,1
1689228,64,1,2,846561,56.0,27.89228,1
3643555,46,0,1,506610,28.0,59.43555,0
2749103,19,0,3,247118,16.5,31.49103,0
1200567,18,0,9,848028,14.0,35.00567,0
2385903,28,0,3,639643,19.0,49.859030000000004,0
3932065,73,1,9,587262,59.5,86.32065,1
4913296,59,1,7,247745,55.5,78.13296,1
149115,17,0,1,948436,26.5,15.49115,0
3437690,34,1,5,301366,43.0,80.3769,1
821747,42,1,9,438938,43.0,45.21747,1
4830530,10,1,3,536649,32.0,91.3053,0
3149851,48,1,9,906634,44.0,64.49851,1
2923100,37,0,5,124442,18.5,55.231,0
3084626,63,1,9,727178,64.5,49.84626,1
1504330,68,1,6,629886,59.0,55.0433,1
351492,7,1,9,183726,32.5,34.514920000000004,1
4135851,33,1,7,608046,49.5,44.35851,1
591072,47,0,7,860636,26.5,9.910720000000001,1
1186880,55,1,8,177309,52.5,18.8688,1
4799303,75,0,7,740288,52.5,68.99303,1
4625897,64,1,9,563644,52.0,87.25897,1
2155723,30,1,9,234681,40.0,27.55723,1
2348988,3,0,6,604840,9.5,44.48988,0
4403244,49,1,7,453552,58.5,89.03244000000001,1
1414093,68,0,2,359181,45.0,43.14093,0
2864673,29,1,9,197278,36.5,64.64673,1
3076242,87,1,1,609119,73.5,45.76242,1
4680081,58,1,1,93563,63.0,60.80081,1
2748790,66,1,3,68361,55.0,31.4879,1
3863024,74,1,6,877767,70.0,40.63024,1
2746791,44,1,5,124469,43.0,49.46791,1
2810108,3,1,2,570581,24.5,37.101079999999996,0
4933177,25,1,9,560571,50.5,53.33177,1
3453597,26,0,4,600104,24.0,56.53597,0
165953,45,1,4,831710,43.5,15.65953,1
4089618,63,0,5,720979,47.5,57.89618,0
2697480,50,1,8,284295,47.0,50.9748,1
4297571,49,0,4,666767,33.5,49.97571,0
3022097,5,0,5,76819,17.5,60.22097,0
257164,58,1,4,979245,57.0,22.57164,1
4829930,14,1,6,434474,37.0,49.2993,1
2328636,29,0,3,58798,28.5,44.28636,0
631831,41,0,8,730503,22.5,13.31831,1
3089475,36,1,6,886127,53.0,52.89475,1
3306420,41,1,5,475963,51.5,64.0642,1
3465884,34,0,2,818230,21.0,41.65884,0
3469720,86,0,7,804547,49.0,37.6972,1
4811075,5,1,2,703832,30.5,77.11075,0
2740328,67,0,1,726542,50.5,45.403279999999995,0
791095,17,1,7,303800,35.5,29.91095,1
933727,72,1,5,583703,67.0,26.33727,1
1262928,28,1,1,978589,53.0,40.62928,0
2283151,76,0,4,458224,39.0,44.83151,0
3263683,58,1,4,661926,58.0,64.63683,1
4070001,46,1,7,592740,61.0,86.70000999999999,1
170640,16,1,9,507291,36.0,18.7064,1
4490886,21,1,2,451336,37.5,87.90886,0
2100991,67,1,1,769745,53.5,53.009910000000005,1
4222263,68,1,2,684493,59.0,48.22263,1
4694877,36,1,7,68170,49.0,73.94877,1
4355780,48,1,6,66259,62.0,43.5578,1
1455531,12,1,4,334243,42.0,52.55531,0
775510,33,1,1,190721,37.5,40.7551,1
3841196,85,0,1,179394,52.5,76.41196,0
2834296,52,1,5,371402,63.0,46.342960000000005,1
3431869,86,1,1,222109,73.0,64.31869,1
998320,50,0,7,323949,42.0,21.9832,1
4929040,2,0,1,559212,8.0,72.2904,0
2107635,41,1,1,304599,54.5,25.07635,1
1326607,31,1,2,93147,43.5,35.26607,1
4163960,50,1,3,124280,59.0,59.6396,1
3364908,84,0,1,227125,48.0,33.64908,0
4360538,45,1,9,418921,61.5,75.60538,1
1712818,20,0,8,672129,22.0,66.12818,0
2375504,43,1,5,534609,53.5,55.75504,1
3325187,10,0,2,699014,5.0,64.25187,0
4704299,67,0,5,440503,52.5,74.04299,0
4760456,0,0,6,126215,3.0,83.60455999999999,0
4198502,62,0,1,687197,34.0,81.98501999999999,0
3721581,23,0,4,407509,14.5,48.21581,0
4346238,12,0,9,323129,18.0,51.46238,0
525523,10,1,2,324535,26.0,54.25523,0
3699865,50,1,5,579149,59.0,46.99865,1
4299790,16,0,1,311968,11.0,74.9979,0
1139458,81,1,4,757288,65.5,29.394579999999998,1
3872811,85,0,4,346508,44.5,79.72811,0
2417336,23,1,6,394543,37.5,57.17336,1
4260435,18,0,9,540251,14.0,48.60435,0
2863642,36,0,3,823360,20.0,58.63642,0
1909891,84,1,9,564060,65.0,20.09891,1
3888340,7,1,6,274402,32.5,56.8834,1
2519862,27,1,7,617211,41.5,62.19862,1
297775,4,1,2,975423,27.0,33.97775,0
2486488,16,1,6,236968,47.0,33.86488,1
887494,35,0,6,551854,27.5,48.87494,1
1301193,18,0,2,397962,15.0,20.01193,0
4043334,63,0,2,740200,48.5,65.43334,0
3109758,10,0,2,747615,8.0,60.09758,0
633636,53,1,1,383304,50.5,16.33636,1
3138370,44,1,5,178165,45.0,71.3837,1
4332406,46,0,8,280314,26.0,62.32406,1
4368764,11,1,2,451392,37.5,62.68764,0
3335658,20,1,5,345673,45.0,41.35658,0
1876203,10,0,8,499622,18.0,25.76203,0
2376360,4,0,5,718301,12.0,37.7636,0
4508249,80,0,2,575957,41.0,78.08249,0
4526219,55,0,3,791142,40.5,68.26219,0
2634629,19,0,6,953805,15.5,58.346289999999996,0
625830,40,1,5,357003,50.0,46.2583,1
1432397,45,0,4,630074,25.5,54.32397,0
2236233,11,0,4,756443,11.5,66.36233,0
818216,69,1,5,594611,69.5,47.182159999999996,1
617313,16,1,2,280502,33.0,32.17313,0
3765060,18,1,9,831537,34.0,57.6506,1
3562565,25,0,2,580309,13.5,39.62565,0
1437682,47,0,2,570766,30.5,48.37682,0
1386643,51,1,9,351951,51.5,33.86643,1
1633584,69,0,3,440449,47.5,19.33584,0
494540,54,0,7,362499,35.0,52.9454,1
2715075,74,1,4,545655,71.0,74.15075,1
4542987,32,1,6,687703,53.0,60.42987,1
126790,61,1,4,320855,61.5,31.2679,1
1791738,87,1,7,506295,81.5,42.91738,1
3008873,22,1,1,57904,43.0,64.08873,0
548345,14,0,3,638321,13.0,10.483450000000001,0
849074,26,0,3,805947,22.0,40.49074,0
3785501,74,0,1,922910,46.0,57.85501,0
1979490,63,0,6,170035,32.5,34.7949,1
3987857,80,1,9,795147,73.0,85.87857,1
3276083,50,1,8,236168,57.0,70.76083,1
1554908,52,1,7,271666,51.0,48.549080000000004,1
2353694,77,0,8,806141,46.5,64.53694,1
3419144,81,0,6,315237,52.5,48.19144,1
405062,50,0,9,337062,33.0,9.05062,1
2487312,46,0,3,243708,35.0,25.87312,0
3793976,3,0,9,764166,5.5,60.93976,0
4508224,6,1,4,190466,36.0,93.08224,0
4135493,34,1,7,174501,41.0,68.35493,1
3488532,47,1,9,834516,51.5,34.88532,1
1525541,72,1,2,666798,63.0,15.25541,1
1971403,71,1,2,143708,61.5,46.71403,1
4948287,44,0,9,672107,29.0,84.48286999999999,1
921052,80,0,3,285603,42.0,28.210520000000002,0
1907150,80,0,9,980784,54.0,66.0715,1
2325300,71,1,5,610591,62.5,30.253,1
1955567,18,1,6,601741,29.0,19.55567,1
1634837,62,0,2,564908,37.0,41.34837,0
3601268,37,1,8,945318,56.5,78.01268,1
3438442,66,1,9,897127,54.0,82.38442,1
4554051,58,0,2,773809,42.0,69.54051,0
4909954,68,0,6,573526,51.0,58.09954,1
523570,12,1,6,206837,40.0,16.2357,1
2473139,46,1,8,445556,56.0,64.73139,1
958158,60,0,5,569676,48.0,15.58158,0
2214792,30,1,9,797075,53.0,33.14792,1
152528,79,0,1,612345,55.5,47.52528,0
1973421,21,1,9,968101,48.5,58.734210000000004,1
2698260,85,1,7,763348,77.5,42.982600000000005,1
1517077,42,1,4,668943,60.0,19.170769999999997,1
3395887,66,1,3,327169,71.0,46.95887,1
3418230,53,1,6,319289,46.5,67.1823,1
2352728,9,1,1,675494,42.5,70.52728,0
2585195,41,0,3,236869,26.5,41.85195,0
4360507,63,1,2,878155,61.5,77.60507,1
260775,20,0,9,647518,14.0,2.60775,0
2767867,79,1,3,972334,75.5,76.67867,1
1663299,75,1,2,729290,67.5,65.63299,1
3569401,65,1,4,466968,59.5,70.69400999999999,1
3875803,40,1,2,158138,49.0,52.75803,1
1444027,23,1,1,781385,42.5,32.44027,0
4266500,34,0,6,786664,26.0,83.66499999999999,1
891267,55,1,8,112040,59.5,12.91267,1
597562,29,0,2,682956,31.5,23.97562,0
3948693,56,0,9,773056,37.0,81.48693,1
4678238,46,0,3,554788,41.0,84.78238,0
4137776,34,1,8,507864,56.0,45.37776,1
2104168,18,1,8,891462,45.0,32.04168,1
4110912,7,1,3,106815,42.5,59.10912,0
4611732,25,1,3,266741,47.5,92.11732,0
4985211,70,0,6,162789,39.0,60.85211,1
2279996,29,0,1,478906,16.5,57.79996,0
1700396,6,1,4,793766,37.0,28.00396,0
3411149,66,1,1,894355,54.0,51.11149,1
222402,64,1,3,217644,64.0,50.22402,1
1266588,35,0,9,235102,24.5,59.66588,1
4732965,24,1,5,380048,48.0,89.32965,0
2596081,36,1,5,818821,41.0,58.960809999999995,1
2777618,0,0,4,287469,18.0,74.77618,0
4867999,14,1,3,807596,35.0,80.67999,0
4757860,36,1,5,734563,52.0,95.5786,1
675278,12,1,4,127088,34.0,23.75278,0
1278049,7,0,8,579896,11.5,40.78049,0
3180201,4,1,4,619955,35.0,75.80201,0
4772311,59,0,8,629835,44.5,51.72311,1
3662737,72,0,6,989989,52.0,60.62737,1
3564442,0,1,5,550812,32.0,58.64442,0
1374732,35,1,4,977366,45.5,41.74732,1
3414692,34,0,4,964823,31.0,71.14692,0
4293398,65,1,4,284907,58.5,74.93397999999999,1
4819607,62,1,9,912380,51.0,57.19607,1
1210389,22,1,4,908312,31.0,48.10389,0
127712,8,1,9,107560,28.0,33.27712,1
4171647,33,1,6,951495,44.5,63.71647,1
4012942,45,1,7,264601,53.5,50.12942,1
212816,77,0,3,930650,43.5,25.12816,0
1735156,3,0,8,426606,13.5,40.35156,0
235230,29,1,3,733775,41.5,8.3523,0
1866616,74,1,1,986827,71.0,67.66616,1
4563418,71,1,5,234286,60.5,65.63418,1
1483194,2,0,2,330141,6.0,33.83194,0
3201360,13,0,6,171266,9.5,41.0136,0
1981548,59,1,9,53679,59.5,43.81548,1
4445760,76,0,1,538241,55.0,90.4576,0
3351298,44,1,4,614596,44.0,68.51298,1
4565150,33,0,1,256096,18.5,92.6515,0
100404,44,1,1,745202,53.0,47.00404,1
4997590,60,1,8,497154,55.0,63.9759,1
1423483,82,0,2,579983,46.0,57.23483,0
1822320,15,1,1,276812,34.5,57.2232,0
2432517,65,0,8,632787,46.5,63.32517,1
4637090,39,1,4,73382,56.5,95.3709,1
3296340,16,1,3,850667,47.0,37.9634,0
263273,33,1,4,767583,51.5,38.63273,1
3954418,15,1,5,707726,32.5,40.54418,0
3752692,59,1,1,208539,65.5,48.52692,1
1187341,65,0,1,502532,40.5,14.87341,0
4077266,65,0,3,424612,50.5,62.77266,0
3131756,89,1,6,56764,81.5,43.31756,1
943523,12,1,1,796256,30.0,25.43523,0
646237,55,1,2,688119,52.5,36.46237,1
4995207,30,1,7,111836,46.0,64.95206999999999,1
4140479,33,1,1,344067,46.5,81.40478999999999,1
192193,38,1,7,305033,54.0,26.92193,1
3281915,66,1,4,932143,72.0,59.81915,1
4800254,7,1,6,66292,39.5,48.00254,1
1286887,86,1,8,961345,82.0,58.86887,1
3108038,77,0,9,969118,46.5,42.080380000000005,1
608153,54,0,6,333083,27.0,42.08153,1
3434817,26,0,9,293772,15.0,83.34817000000001,0
3682069,52,0,4,68800,34.0,55.82069,0
2815514,38,0,6,106440,37.0,29.15514,1
4981713,64,1,8,466462,64.0,84.81712999999999,1
2758571,16,1,9,701809,41.0,41.58571,1
4934357,29,1,3,496021,53.5,86.34357,0
1779748,52,1,2,695615,64.0,38.79748,1
2323069,12,0,6,623936,12.0,66.23069,0
3545498,20,0,4,951624,13.0,84.45498,0
4992472,18,0,1,500067,20.0,80.92472000000001,0
581680,52,1,8,999192,59.0,24.8168,1
2736694,18,0,9,405642,10.0,62.36694,0
3061293,56,0,9,866196,28.0,62.61293,1
4200673,24,1,2,868902,49.0,56.00673,0
1634026,85,1,9,830448,81.5,65.34026,1
415826,30,0,7,219573,22.0,49.15826,0
3567366,80,1,5,107207,62.0,37.67366,1
427359,54,1,7,112157,52.0,32.27359,1
3848603,22,1,9,184288,43.0,84.48603,1
4301253,31,1,8,727432,43.5,69.01253,1
2960337,61,0,6,143778,38.5,33.60337,1
417537,73,0,4,180016,55.5,34.17537,0
650222,9,1,1,698576,32.5,27.50222,0
2673619,71,1,6,218204,69.5,60.73619,1
2553752,53,1,3,160573,58.5,31.53752,1
1464133,51,1,6,170730,60.5,19.64133,1
2032247,19,1,6,985365,30.5,45.322469999999996,1
1453038,31,1,4,114186,48.5,14.53038,1
350875,13,1,2,555349,31.5,21.50875,0
4757693,49,1,9,841392,45.5,53.57693,1
4364694,27,0,2,68781,20.5,78.64694,0
807689,52,1,3,287677,49.0,19.07689,1
4547794,23,0,1,307506,24.5,64.47793999999999,0
1715952,78,0,7,81126,49.0,39.15952,1
1396516,21,1,1,288217,43.5,37.96516,0
2630179,29,0,9,465794,25.5,55.30179,0
1656617,62,0,1,565474,46.0,44.56617,0
3563351,3,0,5,942466,6.5,65.63351,0
1365040,76,1,7,330027,77.0,30.650399999999998,1
1954971,58,1,3,604070,49.0,59.549710000000005,1
750199,86,1,9,368531,74.0,25.50199,1
4134628,7,0,8,722339,9.5,44.34628,0
1949396,81,1,3,870178,67.5,19.49396,1
2791276,11,1,5,311161,33.5,67.91275999999999,0
728861,30,0,7,116266,16.0,21.28861,0
2626954,77,1,4,574344,74.5,33.26954,1
761614,33,0,5,343601,35.5,21.61614,0
4973878,81,1,3,445459,72.5,63.73878,1
4793174,74,1,9,498247,61.0,96.93173999999999,1
3457519,75,1,9,182773,66.5,72.57518999999999,1
766997,48,0,7,761741,35.0,28.66997,1
1826351,78,1,2,755798,75.0,35.26351,1
1172647,56,1,7,385983,53.0,26.72647,1
1731107,25,1,7,130636,34.5,18.31107,1
1128455,17,1,5,419841,42.5,46.284549999999996,0
1405794,85,0,9,116483,48.5,33.05794,1
2050367,37,0,3,70505,23.5,35.50367,0
2010705,80,1,4,449769,63.0,22.10705,1
1701596,86,1,1,607813,81.0,46.01596,1
3891481,87,1,6,261474,67.5,39.91481,1
4250276,49,0,4,146008,26.5,76.50276,0
2482357,7,1,1,94348,31.5,49.823570000000004,0
3587124,40,0,2,776547,25.0,39.87124,0
2345131,5,1,3,319417,34.5,24.45131,0
4346049,68,1,9,376380,73.0,62.46049,1
191865,43,1,8,780929,44.5,34.91865,1
4144588,63,0,7,184607,32.5,74.44588,1
1172200,28,1,4,986181,37.0,30.722,0
2220473,27,0,1,788384,20.5,71.20473,0
2600856,10,0,8,157157,17.0,50.00856,0
3006158,64,1,4,575196,61.0,49.06158,1
4168472,18,1,3,302299,46.0,65.68472,0
1322869,8,0,9,251225,12.0,26.22869,0
2383869,26,1,4,158352,33.0,69.83869,0
3225354,33,1,4,145967,48.5,75.25354,1
4182494,43,1,9,401133,58.5,83.82494,1
1529551,67,0,2,609367,47.5,57.29551,0
2381020,81,1,5,262628,61.5,61.810199999999995,1
2856944,14,0,4,161889,17.0,39.56944,0
4882883,50,0,9,312063,38.0,95.82883000000001,1
2387623,12,0,5,361467,20.0,27.87623,0
1014032,82,1,9,402053,74.0,11.14032,1
4082588,48,0,9,96105,39.0,55.82588,1
1667438,69,0,2,473380,48.5,45.67438,0
1017559,55,0,9,182957,45.5,56.17559,1
735605,75,1,3,51049,65.5,49.356049999999996,1
4683897,50,1,4,627569,49.0,83.83897,1
915131,36,0,1,355415,22.0,53.15131,0
167661,16,1,1,116697,38.0,42.67661,0
2178007,57,1,1,509567,67.5,44.780069999999995,1
1407506,86,1,9,86534,66.0,43.07506,1
2071206,89,0,8,143034,63.5,56.71206,1
3001614,28,1,5,108097,51.0,68.01614000000001,0
3066422,32,1,5,759173,38.0,40.66422,1
3808654,59,1,9,337181,52.5,51.08654,1
218033,88,0,3,479223,57.0,24.18033,0
730265,54,1,3,522694,53.0,22.30265,1
2810309,9,1,7,601566,31.5,77.10309000000001,1
3018258,46,1,9,713632,58.0,50.18258,1
1315502,22,0,6,560708,30.0,16.15502,0
4726038,84,0,2,411317,56.0,79.26038,0
1521796,20,1,1,874726,36.0,61.21796,0
2862779,12,1,2,647565,42.0,41.627790000000005,0
2419049,32,0,1,54694,27.0,42.19049,0
3820464,23,1,9,632438,48.5,42.20464,1
2292614,10,0,8,641758,18.0,57.926140000000004,0
870173,16,1,7,595844,42.0,38.70173,1
2769355,67,1,3,245543,67.5,71.69355,1
3512504,46,1,8,623374,47.0,52.12504,1
4953260,24,1,2,724267,47.0,92.5326,0
567010,72,0,2,822687,40.0,35.6701,0
1755016,20,1,3,229559,31.0,46.550160000000005,0
1797900,83,0,7,996662,60.5,37.979,1
4680497,82,1,1,987797,69.0,92.80497,1
4321038,82,1,8,673756,69.0,72.21038,1
1023875,11,1,7,869819,28.5,50.238749999999996,1
2223221,36,0,4,642890,32.0,25.23221,0
3980993,41,1,5,988760,50.5,43.80993,1
4831502,16,0,1,543857,8.0,88.31502,0
2668103,47,0,4,566304,40.5,70.68102999999999,0
181264,27,1,1,973098,33.5,10.81264,0
123275,40,1,1,576748,47.0,27.23275,1
2793714,46,1,1,122356,58.0,42.93714,1
2560072,17,0,7,891130,25.5,54.600719999999995,0
672735,77,0,7,309925,46.5,18.72735,1
2100609,70,1,4,938178,66.0,56.00609,1
1012826,12,1,2,590479,44.0,30.128259999999997,0
2797143,81,0,3,658919,57.5,71.97143,0
962522,12,1,8,295702,30.0,48.62522,1
903692,30,1,8,846961,36.0,53.03692,1
1261157,1,1,6,82175,26.5,26.61157,1
1414532,15,1,9,329819,36.5,33.14532,1
521240,8,1,9,486374,38.0,24.2124,1
3959744,72,1,4,883230,62.0,83.59744,1
1044789,37,1,1,907342,42.5,14.44789,1
3207092,74,0,1,442544,51.0,63.07092,0
2313573,53,1,5,731336,65.5,28.13573,1
625893,55,1,2,768476,66.5,35.25893,1
2355363,85,1,6,390822,76.5,48.55363,1
4481514,86,0,7,112821,52.0,80.81514,1
4248887,44,1,1,560559,55.0,54.48887,1
1307094,33,1,6,62204,45.5,41.07094,1
2321192,8,0,8,843826,20.0,27.21192,0
768406,87,1,5,296464,76.5,31.68406,1
3768866,7,1,7,901246,24.5,49.68866,1
4712338,6,0,6,83593,18.0,70.12338,0
2953406,35,1,4,258260,49.5,59.53406,1
1133255,17,1,7,165064,36.5,30.332549999999998,1
3152766,2,1,9,542492,27.0,38.52766,1
640677,27,0,7,103365,28.5,14.40677,0
3194235,69,0,5,814932,43.5,51.942350000000005,0
1271459,43,1,7,967947,49.5,31.71459,1
2959653,20,0,3,270511,16.0,43.59653,0
2066197,27,1,2,542274,48.5,45.66197,0
487952,53,0,5,471396,34.5,45.87952,0
2309373,53,0,4,529871,42.5,33.09373,0
4247703,64,0,5,256971,51.0,78.47703,0
1130117,20,1,8,153700,36.0,51.30117,1
2996818,12,1,4,409221,36.0,39.968180000000004,0
2457821,56,0,9,446681,35.0,50.57821,1
625134,48,0,7,118247,30.0,35.25134,1
344761,53,0,7,232631,44.5,21.44761,1
3030098,9,1,8,206270,43.5,63.300979999999996,1
3071820,52,1,6,891172,57.0,67.7182,1
164323,43,1,8,203560,47.5,23.64323,1
1337715,46,1,3,743875,50.0,13.37715,1
1054480,52,1,1,559627,52.0,12.5448,1
2432811,73,0,6,340042,41.5,26.32811,1
954016,45,1,1,445135,50.5,36.54016,1
964909,12,0,9,231142,18.0,22.64909,0
1150493,36,0,2,636901,24.0,40.50493,0
382762,23,1,2,146707,38.5,7.82762,0
1705118,1,1,7,423921,36.5,65.05118,1
2983427,85,1,2,97003,78.5,43.834270000000004,1
1516012,80,1,8,622766,75.0,52.16012,1
671650,13,1,6,457650,27.5,19.7165,1
4576576,9,0,7,479865,11.5,58.76576,0
485925,34,1,7,633318,53.0,52.85925,1
2963793,24,1,6,758421,44.0,36.63793,1
3857974,2,1,9,445215,38.0,45.57974,1
503081,16,1,9,195921,37.0,23.03081,1
2499105,11,0,7,519655,6.5,55.99105,0
478892,53,1,9,820448,47.5,34.78892,1
4299591,23,1,3,556220,44.5,70.99591000000001,0
3254240,28,0,3,889232,29.0,72.5424,0
756702,42,1,1,841877,47.0,17.56702,1
3354600,24,1,5,723400,43.0,77.54599999999999,0
2085296,59,1,4,558524,62.5,32.852959999999996,1
2290222,89,1,2,836678,67.5,48.90222,1
3849783,64,0,9,81153,35.0,56.49783,1
2819269,83,0,3,841644,58.5,53.19269,0
4902116,27,0,8,184411,15.5,85.02116000000001,0
2424797,15,1,6,630526,27.5,71.24797,1
886667,46,0,5,462610,39.0,16.86667,0
1453649,80,0,1,366015,46.0,41.53649,0
1812503,57,1,4,937104,63.5,49.125029999999995,1
3085418,75,1,3,520938,61.5,32.85418,1
3709736,26,1,1,346751,51.0,68.09736000000001,0
1484418,52,0,5,102055,32.0,18.84418,0
486594,41,0,6,154509,33.5,11.86594,1
2969760,58,0,2,185467,30.0,42.6976,0
3906503,46,1,3,701666,45.0,41.06503,1
3937247,33,1,6,458506,52.5,62.37247,1
1192501,36,1,4,137687,53.0,23.92501,1
237023,5,0,9,377222,9.5,44.37023,0
1235964,6,1,5,446907,40.0,40.35964,0
4826599,24,0,4,450686,26.0,55.26599,0
1583624,32,0,2,971345,22.0,56.836240000000004,0
2255748,54,1,6,152652,55.0,52.55748,1
2056109,57,1,2,375341,53.5,45.56109,1
3145179,6,0,7,630061,20.0,48.45179,0
4025282,56,0,3,985280,45.0,57.25282,0
973172,11,1,9,569846,38.5,15.73172,1
3785540,15,0,5,252668,20.5,84.8554,0
622244,79,0,8,955375,52.5,43.22244,1
4973594,42,0,6,601872,24.0,96.73594,1
4163309,76,0,8,819189,41.0,56.63309,1
1162636,6,0,3,447516,17.0,43.62636,0
1886921,50,1,3,839770,59.0,20.86921,1
929735,72,0,5,112601,53.0,46.29735,0
3436007,31,1,3,186559,48.5,37.36007,1
3930375,74,1,8,86282,57.0,74.30375000000001,1
4629788,7,1,8,276137,32.5,49.29788,1
2662469,86,1,2,427591,82.0,67.62469,1
3186176,88,1,4,670086,73.0,39.861760000000004,1
3395374,71,0,1,705251,44.5,72.95374000000001,0
4983680,44,1,4,945043,43.0,65.8368,1
3781262,85,1,4,209876,69.5,53.81262,1
4733078,58,1,9,715275,49.0,79.33078,1
2709089,3,1,3,323302,21.5,46.09089,0
2608749,66,1,2,255229,56.0,39.08749,1
1014228,28,1,9,60547,40.0,31.14228,1
1053959,28,0,9,400857,22.0,36.539590000000004,0
2289415,27,1,1,314603,48.5,64.89415,0
1727781,76,1,6,996272,62.0,19.27781,1
3469538,78,1,8,113146,60.0,57.69538,1
3342374,86,0,3,415721,53.0,62.42374,0
445266,43,1,9,682049,58.5,11.45266,1
4056679,89,0,2,415871,62.5,61.56679,0
1638601,3,0,6,362604,13.5,40.38601,0
2677855,89,1,1,132970,74.5,35.778549999999996,1
3171475,8,0,7,766177,23.0,79.71475,0
4637358,4,1,3,219319,40.0,74.37358,0
4103484,55,0,7,589707,43.5,80.03484,1
1207955,83,1,4,609865,65.5,12.07955,1
3902010,49,0,9,52921,36.5,59.0201,1
2032728,74,0,5,972180,56.0,58.32728,0
1999492,14,0,3,529177,7.0,42.99492,0
2461632,31,0,8,492900,24.5,32.61632,1
1514397,27,0,6,194535,20.5,58.143969999999996,0
3277993,21,0,2,571317,17.5,57.77993,0
3231209,16,1,3,730834,46.0,40.31209,0
1323520,58,0,8,877367,34.0,32.2352,1
4157893,89,1,7,699822,75.5,75.57893,1
3317635,70,0,6,510221,41.0,68.17635,1
2400119,56,1,1,831160,63.0,65.00119000000001,1
1999443,25,1,9,122828,40.5,54.99443,1
3548503,24,1,3,697937,41.0,43.48503,0
1539758,9,0,5,401206,13.5,36.39758,0
1905468,44,0,7,105152,31.0,19.05468,1
3527975,82,1,7,270073,80.0,39.27975,1
226108,10,0,3,408635,20.0,10.26108,0
3260110,76,0,4,273393,38.0,68.6011,0
3330019,52,0,7,136569,42.0,70.30019,1
1807692,71,0,8,908899,48.5,36.07692,1
2180154,67,0,2,731132,51.5,28.80154,0
2344702,27,1,9,459579,49.5,64.44702,1
3477778,74,0,7,733850,50.0,76.77778,1
2630034,64,1,8,502220,59.0,57.30034,1
4632131,48,0,6,172537,32.0,58.32131,1
2792755,46,0,6,103806,30.0,46.92755,1
488349,51,1,9,967764,57.5,39.88349,1
1162729,87,0,4,650280,59.5,53.62729,0
3224071,53,1,5,334464,64.5,75.24071,1
3486501,59,1,9,391115,55.5,70.86501,1
2079079,56,0,1,833140,44.0,49.79079,0
4688334,46,1,4,223217,43.0,55.88334,1
3622905,30,0,7,244760,19.0,66.22905,0
176077,45,1,9,360725,47.5,25.76077,1
4427819,25,0,6,930077,13.5,72.27819,0
1355564,4,1,8,595042,37.0,36.55564,1
2008327,83,0,9,119837,45.5,58.08327,1
225885,51,1,4,712567,49.5,22.25885,1
641656,74,1,1,995424,68.0,46.41656,1
770688,53,1,8,268811,48.5,15.70688,1
2385166,32,1,2,960178,51.0,64.85166,1
4524507,49,1,1,689068,49.5,86.24507,1
2151531,37,1,7,661369,52.5,22.51531,1
2892427,26,0,9,860448,27.0,31.92427,0
3020803,14,0,9,372666,22.0,37.20803,0
3457679,60,0,3,567447,49.0,65.57679,0
4490020,20,0,6,957328,22.0,57.9002,0
2781719,45,0,7,162099,33.5,75.81719,1
990695,68,1,9,725462,63.0,21.906950000000002,1
4294430,5,0,2,940861,15.5,62.9443,0
938761,37,1,8,838356,39.5,32.38761,1
600315,61,0,7,135015,32.5,55.00315,1
2514472,85,0,4,679275,50.5,42.14472,0
1399445,61,1,2,628621,60.5,57.99445,1
598716,81,1,8,789818,70.5,44.98716,1
3241069,77,1,5,227171,67.5,57.41069,1
3421127,73,1,6,762706,69.5,65.21127,1
2659272,45,0,7,700660,30.5,69.59272,1
2376106,12,1,1,780841,45.0,55.76106,0
2102324,2,0,8,443522,10.0,51.02324,0
4427021,5,0,4,400639,10.5,61.27021,0
3424323,7,1,9,644055,27.5,68.24323,1
4051416,43,0,1,154332,28.5,51.51416,0
594592,32,0,2,717567,26.0,29.94592,0
3345886,80,1,6,875858,60.0,77.45886,1
3954261,74,1,1,580624,66.0,69.54261,1
3678226,76,0,4,424344,38.0,45.78226,0
2129454,49,0,8,780526,30.5,67.29454,1
2527540,10,0,5,329400,18.0,58.275400000000005,0
1815630,27,0,9,804805,17.5,20.1563,0
418408,69,1,6,230889,70.5,49.18408,1
568276,40,0,1,549920,25.0,43.68276,0
2254697,15,1,6,345863,42.5,29.54697,1
611411,67,0,6,878449,43.5,37.11411,1
3022808,47,1,6,95704,52.5,72.22808,1
3217172,55,0,8,866445,41.5,60.17172,1
984377,63,1,6,392135,57.5,30.84377,1
4335042,58,0,5,906690,30.0,62.35042,0
1998739,89,1,2,390492,75.5,24.98739,1
1329336,61,0,4,276884,48.5,55.29336,0
1117433,75,0,5,217848,48.5,59.17433,0
4761029,10,1,4,322204,40.0,75.61028999999999,0
2861089,88,1,2,521808,69.0,69.61089,1
3778086,17,1,7,974159,30.5,53.78086,1
1681530,18,1,2,793470,30.0,46.8153,0
2187258,86,1,1,362067,82.0,54.87258,1
4592816,54,0,5,128563,31.0,82.92815999999999,0
4956447,81,0,1,709390,50.5,85.56447,0
2849178,25,0,1,139779,14.5,31.49178,0
1096530,5,1,1,738649,24.5,11.9653,0
871253,3,0,6,987243,5.5,19.71253,0
2701623,28,0,9,149704,24.0,61.01623,0
1478246,58,1,1,311757,51.0,19.78246,1
4208997,16,1,5,965589,40.0,87.08997,0
3003540,42,0,9,160234,28.0,37.035399999999996,1
3464695,79,0,9,373831,58.5,54.64695,1
4078400,65,0,1,86491,41.5,85.78399999999999,0
4677456,33,0,8,800909,17.5,80.77456000000001,1
2291422,7,0,1,908547,6.5,69.91422,0
1145482,12,1,8,954367,43.0,25.454819999999998,1
1395302,7,1,1,395922,41.5,19.953020000000002,0
4102640,64,1,5,972285,55.0,55.0264,1
670451,42,0,8,70448,40.0,50.70451,1
119816,38,1,6,554393,47.0,6.19816,1
1067344,80,0,9,363694,55.0,56.67344,1
2955059,58,1,1,623582,54.0,45.55059,1
2512149,83,1,9,333590,64.5,28.12149,1
3452252,87,0,1,388723,51.5,55.52252,0
3832839,85,0,3,790749,54.5,69.32839,0
1138896,85,1,1,951111,70.5,32.38896,1
3397606,43,0,3,135615,26.5,59.97606,0
2978604,8,1,2,67101,42.0,74.78604,0
3680893,36,0,2,340160,31.0,50.80893,0
4427858,73,1,9,724292,70.5,87.27858,1
4056602,35,0,8,487869,19.5,61.56602,1
4196951,27,0,1,664769,17.5,68.96951,0
364223,41,1,4,627090,57.5,44.64223,1
3419260,42,0,1,843981,34.0,71.1926,0
2794287,84,0,1,260005,57.0,35.94287,0
1766471,87,0,4,730722,56.5,50.66471,0
4721056,41,0,2,622130,28.5,82.21056,0
688365,65,0,3,96539,46.5,14.88365,0
803662,54,0,9,608005,33.0,22.03662,1
1405585,71,1,2,820569,68.5,58.05585,1
4192097,47,0,4,466232,28.5,60.92097,0
2759440,21,1,1,236272,44.5,34.5944,0
1699601,26,0,2,523484,32.0,43.99601,0
4043645,66,0,5,503503,40.0,58.43645,0
4595013,12,1,1,165042,27.0,60.95013,0
4151774,44,0,7,177922,29.0,51.51774,1
1334816,9,1,4,142447,24.5,54.34816,0
1725351,8,0,6,395546,20.0,24.25351,0
2064956,53,1,8,354751,64.5,52.64956,1
3548678,26,1,6,208693,37.0,44.48678,1
1227199,33,1,2,62823,55.5,29.271990000000002,1
3611049,0,1,1,79986,35.0,70.11049,0
4163186,31,1,8,695970,41.5,83.63186,1
2380827,88,0,8,638613,50.0,72.80827,1
1885910,70,0,9,560119,52.0,20.8591,1
4946769,66,1,6,440069,70.0,88.46769,1
3195900,83,0,1,300476,42.5,57.959,0
4143064,19,0,9,107771,23.5,68.43064,0
2702967,34,1,3,104973,50.0,72.02967,1
3538550,89,0,6,720050,61.5,40.3855,1
176218,77,1,9,875539,66.5,47.76218,1
870044,16,1,3,632176,41.0,21.70044,0
2646741,17,1,5,585244,32.5,32.46741,0
4772750,44,1,5,136839,52.0,56.7275,1
4756356,83,0,7,217605,48.5,61.56356,1
3580130,52,0,4,566754,30.0,65.8013,0
3285714,81,1,4,151131,70.5,60.85714,1
1828096,67,0,7,379738,37.5,59.28096,1
447739,64,1,9,762261,68.0,20.47739,1
572327,0,1,4,585807,23.0,33.72327,0
2794946,57,1,4,736475,62.5,75.94946,1
4329215,25,0,6,51832,30.5,86.29214999999999,0
2022135,19,1,6,531641,30.5,34.22135,1
1078039,86,1,7,688210,79.0,35.78039,1
999885,9,1,1,155474,35.5,20.998849999999997,0
708746,58,0,3,644003,45.0,31.08746,0
3102819,74,1,9,908267,66.0,71.02819,1
4611219,40,1,6,647654,57.0,50.11219,1
599876,4,1,6,87570,40.0,8.99876,1
2062165,64,1,5,531193,69.0,63.62165,1
711213,16,0,3,711975,20.0,54.11213,0
868734,21,1,5,88311,43.5,48.68734,0
4341361,40,1,1,402389,55.0,73.41361,1
1939433,67,0,3,677475,50.5,21.39433,0
3772214,68,1,4,859866,71.0,39.72214,1
2126580,10,1,5,136879,40.0,46.2658,0
4439235,55,1,9,590027,63.5,93.39235,1
1592252,50,1,4,116202,51.0,31.92252,1
3626737,20,1,3,148580,41.0,45.26737,0
501921,75,1,1,798779,58.5,6.01921,1
2108960,25,0,6,129599,21.5,44.089600000000004,0
4555214,18,0,7,739009,13.0,55.55214,0
187955,59,1,8,805724,51.5,24.879550000000002,1
3916446,70,1,1,691058,73.0,73.16445999999999,1
3476513,46,1,4,351614,55.0,56.76513,1
2037878,70,1,5,387109,66.0,51.37878,1
4502294,25,0,2,437476,14.5,67.02294,0
2185259,39,1,1,753981,44.5,54.85259,1
2575539,4,0,8,441825,15.0,65.75539,0
4833188,20,1,6,835339,33.0,66.33188,1
1805215,77,1,5,688588,70.5,19.05215,1
2589569,3,0,9,350141,19.5,26.89569,0
3366402,22,0,2,241012,28.0,47.66402,0
2083851,83,1,8,746084,63.5,40.83851,1
4208880,14,1,9,934237,46.0,76.08879999999999,1
4837655,7,0,1,212776,8.5,52.37655,0
4361946,40,1,7,434346,55.0,85.61946,1
190093,18,1,8,471607,48.0,27.90093,1
1656182,45,1,3,816230,44.5,39.56182,1
4511519,27,1,4,52526,44.5,51.11519,0
2103679,67,1,3,992190,71.5,26.03679,1
1832465,14,1,7,909771,45.0,63.32465,1
4330258,36,1,9,318718,41.0,75.30258,1
3273584,0,1,3,320877,20.0,80.73584,0
4821165,66,0,6,362434,34.0,64.21164999999999,1
2756807,23,1,8,384937,43.5,72.56807,1
2959244,26,0,6,86051,25.0,70.59244,0
986040,39,0,2,65909,20.5,38.8604,0
422918,62,0,7,532898,49.0,11.22918,1
3038613,60,0,2,127338,45.0,69.38613000000001,0
2345909,35,1,2,909864,48.5,68.45909,1
4162442,23,0,2,570551,11.5,47.62442,0
216739,23,1,1,340277,39.5,7.16739,0
1386585,3,1,1,756931,37.5,16.865850000000002,0
880316,66,1,7,653350,62.0,8.80316,1
3634550,33,0,5,231980,33.5,50.3455,0
3589866,56,1,3,454494,66.0,65.89866,1
1466853,48,1,1,423690,50.0,38.668530000000004,1
1114929,86,1,6,625746,81.0,57.14929,1
1666847,52,1,1,891847,60.0,48.66847,1
2520564,22,1,9,796447,39.0,59.20564,1
2682569,68,1,2,890592,63.0,30.82569,1
1580035,52,0,1,366543,45.0,19.80035,0
288456,61,1,7,861730,69.5,37.88456,1
2753093,40,0,6,281946,23.0,43.53093,1
3403457,56,1,6,727551,53.0,47.03457,1
4185412,59,0,5,500180,32.5,69.85412,0
4522808,53,0,4,214164,30.5,52.22808,0
4867348,69,1,4,139407,62.5,81.67348,1
816756,56,1,3,256329,59.0,47.16756,1
151226,9,0,8,547165,11.5,1.51226,0
3851198,39,1,7,636801,43.5,66.51198,1
3721509,6,1,9,887529,33.0,72.21509,1
3238145,37,0,1,997783,28.5,68.38145,0
3997611,84,1,7,719764,74.0,67.97611,1
1326476,60,0,4,513238,43.0,17.264760000000003,0
4284056,83,1,7,609486,68.5,73.84056000000001,1
672212,2,1,1,275295,38.0,29.72212,0
4518441,50,0,5,886429,43.0,63.18441,0
1600844,85,1,3,968071,73.5,27.00844,1
1029168,46,0,5,838611,34.0,10.29168,0
3543609,67,1,4,52019,70.5,41.43609,1
463476,75,1,2,655743,66.5,20.63476,1
1500283,37,1,4,790599,44.5,48.00283,1
791757,35,0,3,199776,34.5,49.91757,0
490719,40,0,1,199102,31.0,10.90719,0
1627937,68,0,8,439027,47.0,32.27937,1
1249947,12,0,5,905877,20.0,14.49947,0
3437920,86,1,4,909983,78.0,62.3792,1
3396050,57,1,5,53420,49.5,54.9605,1
2218324,49,1,4,896307,61.5,59.18324,1
2778932,29,1,3,228725,45.5,69.78932,0
976031,61,1,5,591028,65.5,37.760310000000004,1
1370896,24,1,4,377407,44.0,62.70896,0
3663706,26,1,1,680077,52.0,85.63705999999999,0
1159622,50,1,3,593753,61.0,52.59622,1
4522375,77,0,8,494648,55.5,49.22375,1
478165,56,0,7,578419,30.0,33.78165,1
808662,46,1,2,584940,52.0,30.08662,1
4231479,38,0,1,508189,19.0,62.31479,0
1112117,15,0,3,792403,12.5,36.12117,0
745188,21,1,5,359815,32.5,53.45188,0
515008,84,1,1,295289,80.0,25.15008,1
1731993,53,1,3,139342,49.5,36.31993,1
3451278,20,0,3,331315,29.0,56.51278,0
2442035,71,0,5,267201,37.5,27.42035,0
2868362,15,1,3,309820,34.5,48.683620000000005,0
3126768,58,1,9,236764,56.0,51.26768,1
1270365,30,1,1,108541,41.0,12.70365,0
779418,41,1,4,59470,41.5,21.79418,1
4995084,73,1,4,766704,61.5,65.95084,1
1711754,31,1,1,618596,50.5,30.11754,1
1214593,58,0,2,988830,38.0,30.14593,0
1326952,33,1,1,185669,39.5,62.26952,1
4951188,8,1,6,677128,36.0,82.51187999999999,1
2821864,80,1,3,211860,69.0,33.21864,1
4047208,10,1,7,99477,38.0,84.47208,1
3038496,9,1,5,682549,32.5,78.38496,0
3975754,85,0,9,676754,52.5,44.75754,1
2804999,16,1,7,345215,45.0,32.04999,1
3094200,67,0,4,513819,43.5,36.942,0
1424070,47,1,5,505139,59.5,46.240700000000004,1
3290914,51,0,5,120560,26.5,44.90914,0
2624388,24,0,5,829680,14.0,26.24388,0
1758987,20,1,9,835566,40.0,29.58987,1
3976274,64,1,3,500708,69.0,81.76274000000001,1
2937981,62,1,6,474986,53.0,55.37981,1
1761793,88,0,8,388906,58.0,23.61793,1
716036,50,1,9,216471,55.0,9.16036,1
3491418,35,0,7,564295,27.5,58.91418,1
528988,80,1,3,294413,79.0,37.28988,1
4184752,87,1,1,238511,73.5,80.84752,1
4474857,65,1,4,980073,70.5,60.74857,1
4855000,14,0,6,576657,7.0,92.55,0
3077590,38,1,3,422107,43.0,43.7759,1
3397291,69,0,1,278629,43.5,69.97291,0
3902429,0,1,6,836960,29.0,61.02429,1
4994287,22,0,1,158806,24.0,72.94287,0
2590706,38,1,9,211386,40.0,53.90706,1
1291902,56,0,1,677267,31.0,49.91902,0
2592118,80,1,6,985551,61.0,51.92118,1
3837973,33,1,1,856180,53.5,75.37973,1
2302575,40,1,7,85109,52.0,62.02575,1
564071,72,0,3,588207,54.0,49.64071,0
4481137,12,1,6,359642,30.0,93.81137,1
875435,69,1,7,367952,73.5,30.754350000000002,1
2274606,5,1,1,786152,23.5,52.74606,0
3598472,83,0,1,644729,51.5,70.98472000000001,0
3106316,51,1,5,425987,62.5,47.063159999999996,1
1664718,2,1,6,556775,26.0,52.64718,1
2234793,80,0,9,386564,49.0,24.34793,1
1702575,62,0,1,472122,47.0,52.02575,0
3913270,48,1,4,419591,54.0,43.1327,1
4906425,75,0,8,514702,55.5,94.06425,1
2478837,46,0,9,116896,39.0,38.78837,1
1624102,54,1,3,153431,50.0,64.24101999999999,1
3290541,63,1,2,465162,64.5,37.90541,1
764180,64,0,4,621308,51.0,16.6418,0
2483366,80,1,2,255338,63.0,55.833659999999995,1
2135848,66,0,1,566915,46.0,43.35848,0
2539855,89,0,3,858593,47.5,72.39855,0
304615,14,0,7,77738,12.0,19.04615,0
1625233,31,1,1,709285,43.5,61.25233,1
3996022,67,0,2,451679,44.5,58.96022,0
1903740,17,0,1,107153,15.5,62.037400000000005,0
4068222,82,1,8,788308,64.0,80.68222,1
3168893,42,1,5,111009,45.0,45.68893,1
938003,34,0,8,924370,22.0,52.38003,1
3533382,77,1,3,935978,62.5,80.33382,1
381570,57,0,7,534469,46.5,24.8157,1
3282993,32,1,8,746912,43.0,81.82992999999999,1
4181082,13,1,6,368415,34.5,46.81082,1
3495049,33,1,7,846229,50.5,37.95049,1
166150,60,0,2,398274,33.0,23.6615,0
2534206,3,0,8,121942,9.5,68.34206,0
659723,87,0,5,168065,49.5,50.597229999999996,0
2647500,58,0,7,326109,36.0,44.475,1
3455745,28,0,1,325877,28.0,78.55745,0
1099554,82,1,5,496439,79.0,40.99554,1
4293060,5,1,1,439326,36.5,85.9306,0
4258634,48,1,8,569790,48.0,44.58634,1
234055,39,1,4,732286,57.5,29.34055,1
776022,82,1,4,734143,67.0,9.76022,1
909942,64,1,2,657648,57.0,22.099420000000002,1
3979275,68,0,5,217466,52.0,56.79275,0
796358,26,1,1,420522,49.0,33.96358,0
3695790,79,1,9,770156,68.5,45.9579,1
1941648,5,1,5,340431,40.5,67.41648,0
1788472,12,1,6,132104,36.0,31.88472,1
3928433,63,0,2,735796,45.5,57.28433,0
2835264,61,0,1,399060,39.5,36.35264,0
4548748,18,1,4,795692,39.0,48.48748,0
2800713,75,0,7,516783,39.5,42.007130000000004,1
2408989,79,1,6,530699,61.5,71.08989,1
4237270,42,1,1,839620,58.0,49.3727,1
4417922,73,1,1,665493,66.5,92.17922,1
4215625,88,1,8,282321,83.0,42.15625,1
559297,19,0,4,933781,26.5,11.592970000000001,0
1120154,67,0,5,187837,47.5,41.20154,0
4177151,43,1,7,494842,47.5,58.77151,1
4834963,22,1,8,794067,40.0,59.34963,1
2903696,1,1,7,191879,39.5,76.03696,1
2193373,21,0,2,60204,19.5,50.93373,0
2472280,56,0,4,797962,40.0,56.7228,0
3016623,71,1,1,763304,69.5,76.16623,1
2806871,6,0,9,878552,20.0,34.068709999999996,0
970123,77,1,3,152903,61.5,36.70123,1
3086249,55,0,3,465874,46.5,78.86249000000001,0
1959582,66,1,9,873513,69.0,21.59582,1
4544499,15,1,3,830975,29.5,87.44498999999999,0
2229885,82,1,8,609274,62.0,27.29885,1
4820642,50,0,2,915754,28.0,78.20642000000001,0
2307148,81,1,3,931251,60.5,60.07148,1
4852525,79,1,2,966447,73.5,62.52525,1
649239,71,1,1,624592,55.5,12.49239,1
656701,11,1,2,902024,30.5,48.567009999999996,0
3147569,52,1,8,370692,52.0,60.47569,1
4728120,74,1,9,410591,75.0,73.2812,1
1370464,4,1,2,614274,33.0,29.704639999999998,0
885332,26,0,7,386239,13.0,25.85332,0
867950,11,0,5,141594,11.5,29.6795,0
266472,16,0,3,400425,26.0,27.66472,0
497710,5,1,9,640439,34.5,30.9771,1
4417048,4,1,6,910030,33.0,83.17048,1
3288729,56,1,1,864646,59.0,55.88729,1
4885956,27,0,5,875177,25.5,55.85956,0
2950171,77,0,7,552939,51.5,49.50171,1
1010775,68,1,4,223620,65.0,38.107749999999996,1
2696874,58,1,8,191753,68.0,68.96874,1
658924,32,0,5,188056,27.0,26.58924,0
3981185,61,1,9,208651,55.5,41.81185,1
4473656,49,0,9,927242,33.5,74.73656,1
4112595,18,0,9,284347,28.0,67.12595,0
2390435,85,1,1,760293,70.5,68.90435,1
531413,68,0,2,470615,35.0,31.31413,0
1452564,65,1,3,736841,58.5,22.52564,1
2524050,46,0,4,50944,31.0,57.2405,0
4265100,38,0,9,668281,30.0,74.65100000000001,1
963561,67,0,6,321258,37.5,34.63561,1
402186,32,1,1,876278,36.0,31.02186,1
3307393,12,1,9,789026,40.0,76.07392999999999,1
3928464,83,1,6,258920,68.5,81.28464,1
1126553,53,0,4,306805,26.5,41.26553,0
1335202,6,0,4,344740,20.0,13.35202,0
245271,78,1,3,678375,71.0,21.45271,1
2315685,86,1,7,843339,63.0,34.15685,1
3843797,13,1,3,305035,30.5,54.43797,0
1614542,86,0,2,209186,60.0,30.14542,0
4280656,18,1,8,861441,44.0,75.80655999999999,1
3030184,53,1,4,396990,55.5,79.30184,1
176898,19,0,8,886673,12.5,16.76898,0
3395097,28,1,1,741085,34.0,36.95097,0
388316,23,0,5,855428,18.5,10.88316,0
2108954,81,1,9,449263,64.5,54.08954,1
1929553,62,1,1,340911,52.0,64.29553,1
4188657,73,1,4,328491,72.5,65.88657,1
3141341,56,1,6,152063,54.0,45.41341,1
1139504,7,0,8,598390,19.5,38.39504,0
4187810,89,1,3,578551,69.5,49.8781,1
2205058,61,0,5,420729,44.5,23.05058,0
1775843,28,0,7,117438,18.0,33.758430000000004,0
134701,73,1,1,146359,70.5,10.347010000000001,1
3329028,16,1,7,473756,45.0,41.29028,1
1821610,65,1,8,704539,69.5,48.2161,1
2280712,5,0,8,544087,7.5,23.80712,0
2439767,57,1,9,518942,49.5,47.397670000000005,1
2714235,68,1,6,506985,70.0,45.14235,1
591036,27,0,6,746203,16.5,21.91036,0
427304,61,0,2,77690,41.5,46.27304,0
2562616,40,0,3,577282,38.0,73.62616,0
2810241,68,0,4,153533,35.0,37.10241,0
3533803,81,1,4,117546,61.5,84.33803,1
1242953,89,1,8,450593,77.5,39.42953,1
4061352,83,1,1,390716,75.5,77.61352,1
4078702,40,1,4,600755,59.0,87.78702,1
4159175,48,0,4,820878,25.0,68.59174999999999,0
426916,48,1,1,705408,47.0,53.26916,1
3697706,75,1,3,218050,75.5,85.97706,1
4606554,70,1,5,559082,63.0,46.06554,1
705409,2,0,6,563672,7.0,9.05409,0
1174135,9,1,9,884038,36.5,25.74135,1
3089179,88,0,9,934544,55.0,39.89179,1
1825690,34,0,9,647702,19.0,38.2569,1
3380772,79,1,1,929577,71.5,69.80772,1
4257893,1,0,9,754582,14.5,56.57893,0
503119,23,1,8,622403,44.5,27.03119,1
4266769,73,1,2,926038,64.5,55.66769,1
4420295,37,1,1,614935,50.5,58.20295,1
502732,21,0,1,104607,13.5,14.02732,0
606079,25,0,6,500626,19.5,14.06079,0
2050013,42,0,9,71996,23.0,63.50013,1
2723836,54,1,7,133697,48.0,65.23836,1
1232658,38,0,5,358166,37.0,16.32658,0
2085209,28,0,2,876580,21.0,44.852090000000004,0
4422626,19,0,1,642052,25.5,85.22626,0
756951,40,0,2,928333,32.0,32.56951,0
111303,53,1,1,402868,52.5,8.11303,1
1310209,19,1,3,961198,37.5,34.102090000000004,0
3579591,18,0,6,289190,20.0,59.79591,0
2466610,83,1,8,58888,74.5,71.6661,1
4280303,65,1,3,794026,65.5,53.80303,1
1168199,29,1,9,485413,48.5,19.68199,1
4276224,52,1,5,271432,48.0,51.76224,1
4784346,33,1,7,411085,50.5,94.84346,1
558298,21,1,8,991978,48.5,14.58298,1
1147343,66,0,3,329477,52.0,19.47343,0
205228,5,1,2,551616,35.5,27.05228,0
4720650,78,1,2,610643,66.0,81.2065,1
1855692,26,0,5,280487,17.0,44.556920000000005,0
984056,9,0,1,703974,22.5,39.840559999999996,0
1830228,72,1,2,517119,59.0,36.302279999999996,1
2046793,47,1,9,736505,56.5,62.467929999999996,1
1669123,69,1,7,823890,69.5,53.691230000000004,1
3379269,58,1,6,299434,68.0,38.79269,1
1826470,58,1,9,939602,54.0,32.264700000000005,1
3440420,1,1,7,387819,25.5,62.4042,1
148874,28,1,5,230926,36.0,47.48874,0
1722572,67,1,9,641952,67.5,61.225719999999995,1
3320281,64,1,6,550638,54.0,37.20281,1
2789784,82,1,6,660441,71.0,40.89784,1
809662,25,0,4,667904,14.5,9.09662,0
4972554,88,1,1,871717,73.0,71.72554,1
570452,9,1,5,306349,41.5,48.70452,0
2239686,52,0,9,460749,26.0,67.39686,1
2692670,78,1,8,621284,74.0,44.9267,1
4910833,58,1,8,359091,64.0,72.10833,1
542061,21,0,5,471172,19.5,24.42061,0
3434732,50,1,9,887462,45.0,80.34732,1
3861675,47,1,3,501813,46.5,64.61675,1
2361286,20,1,3,878875,32.0,46.61286,0
588972,21,0,1,702632,14.5,21.88972,0
1223994,29,1,9,279685,45.5,36.239940000000004,1
3181328,24,1,6,377608,43.0,76.81327999999999,1
4198064,27,0,2,702307,25.5,71.98064,0
2717703,64,1,8,185024,63.0,54.17703,1
263038,44,1,9,233273,57.0,51.63038,1
4063735,67,0,9,694742,45.5,67.63735,1
1474572,6,1,2,174444,27.0,35.74572,0
2455874,48,1,2,424319,47.0,28.55874,1
700530,8,0,7,354604,18.0,50.0053,0
3748966,35,0,4,203868,28.5,78.48966,0
1177833,82,0,1,212818,59.0,18.77833,0
2677640,0,0,8,530001,18.0,63.776399999999995,0
535423,9,1,2,50015,34.5,32.35423,0
1292929,35,1,3,886189,42.5,58.92929,1
423390,72,0,5,207029,44.0,15.2339,0
1764221,45,0,3,655829,22.5,41.64221,0
4168316,31,0,7,595580,26.5,78.68316,1
1756671,31,1,7,434838,48.5,60.56671,1
238563,5,0,2,212948,7.5,16.38563,0
883066,47,1,7,766087,43.5,51.83066,1
1654623,37,1,6,97046,39.5,56.54623,1
4999856,16,0,9,589105,18.0,82.99856,0
4155957,73,1,9,59759,58.5,85.55957000000001,1
697897,26,1,2,229504,42.0,18.97897,0
4041237,53,1,7,318556,51.5,47.41237,1
872800,49,1,5,500973,49.5,20.728,1
2142999,34,0,6,332648,36.0,56.429990000000004,1
3622554,84,0,1,420644,43.0,41.22554,0
3759985,24,1,7,320651,41.0,74.59985,1
2002897,27,0,6,71050,18.5,51.02897,0
3676511,14,0,4,448036,23.0,56.76511,0
1263950,3,0,1,975339,14.5,55.6395,0
649148,72,0,9,536383,40.0,49.49148,1
2873707,26,1,4,150153,49.0,76.73707,0
4778394,25,0,2,850019,13.5,53.78394,0
2873939,18,1,8,281329,37.0,53.73939,1
2035740,16,1,2,632020,39.0,34.3574,0
3534955,42,1,5,626209,59.0,83.34955,1
2845226,40,0,6,488715,26.0,69.45226,1
3277326,41,1,8,692022,48.5,54.77326,1
1654510,49,0,1,966536,39.5,53.545100000000005,0
1930815,83,1,1,187912,80.5,59.30815,1
3863122,39,1,4,546586,49.5,52.63122,1
2486378,38,1,5,605728,50.0,71.86377999999999,1
4521590,22,1,9,609471,45.0,84.2159,1
2634937,51,1,7,932604,62.5,41.34937,1
3257473,46,0,7,707749,41.0,63.57473,1
912461,62,1,8,688803,66.0,45.124610000000004,1
4527036,68,1,5,435327,68.0,62.27036,1
4155555,42,0,5,378443,25.0,60.55555,0
1818224,47,1,1,794821,53.5,63.18224,1
2810626,33,1,9,689791,50.5,29.10626,1
1024044,39,1,6,89023,56.5,32.24044,1
3081352,74,1,9,231101,69.0,59.81352,1
1486652,60,1,3,352085,53.0,16.86652,1
385555,49,0,5,497166,40.5,48.85555,0
544191,66,1,2,958109,56.0,43.44191,1
1602337,61,0,5,792319,45.5,62.02337,0
3586669,57,1,8,126054,62.5,83.86669,1
1020597,32,0,2,377507,29.0,10.20597,0
2143338,74,0,8,551772,48.0,61.43338,1
3822946,15,1,4,636030,29.5,59.22946,0
1586205,81,1,1,541112,69.5,43.862049999999996,1
2965899,47,0,5,619503,30.5,42.65899,0
324695,9,1,1,884289,29.5,50.24695,0
3081467,81,0,7,891908,53.5,57.81467,1
3541628,37,0,8,209245,34.5,55.41628,1
1201844,18,1,3,452611,47.0,56.01844,0
4867493,35,1,3,896200,52.5,79.67493,1
1510706,58,0,7,291443,43.0,20.10706,1
3440216,62,0,4,527959,45.0,34.40216,0
3933284,76,0,3,153591,38.0,59.33284,0
4957088,45,0,8,299045,33.5,52.57088,1
1947865,2,1,3,620517,30.0,21.47865,0
1019484,73,1,7,994143,69.5,58.19484,1
4997954,64,0,2,948138,41.0,78.97954,0
4117136,7,1,1,112583,32.5,71.17135999999999,0
444855,50,1,6,305931,64.0,37.44855,1
1174961,80,0,8,209996,50.0,29.74961,1
4725678,72,1,1,700299,71.0,66.25677999999999,1
3661963,5,1,9,516185,30.5,58.61963,1
2477935,88,0,3,342248,58.0,63.77935,0
1234106,38,0,3,814948,32.0,36.34106,0
4578011,59,1,4,874026,67.5,59.78011,1
2574968,27,1,1,315808,41.5,62.74968,0
2542266,53,0,9,846960,29.5,47.42266,1
4537677,36,0,3,733550,24.0,46.37677,0
4642001,8,1,4,771393,31.0,60.42001,0
1318758,81,1,1,504377,67.5,56.18758,1
1755743,55,1,4,778537,65.5,51.55743,1
4077019,58,1,1,702692,63.0,49.77019,1
3168281,84,0,5,251664,57.0,44.68281,0
4625208,1,1,5,345043,28.5,72.25208,0
618349,60,1,7,907411,61.0,19.18349,1
2981990,57,1,8,591529,63.5,63.819900000000004,1
897968,59,0,4,882643,32.5,40.97968,0
179083,39,1,7,637760,43.5,1.79083,1
2755971,35,1,4,255320,44.5,60.559709999999995,1
4097615,36,1,3,81346,38.0,58.97615,1
2974299,78,1,6,655484,64.0,52.74299,1
4948341,17,0,4,416595,22.5,90.48340999999999,0
1904673,62,1,3,782484,54.0,22.04673,1
3038199,21,1,9,939340,40.5,65.38199,1
709996,10,1,5,485436,29.0,19.09996,0
878513,57,1,7,199014,65.5,39.78513,1
3403389,56,1,6,885599,62.0,42.03389,1
4454385,76,0,5,872805,55.0,82.54384999999999,0
488590,3,1,7,903575,40.5,19.8859,1
1865982,85,0,6,694911,54.5,67.65982,1
2878655,6,0,2,946445,7.0,30.78655,0
3251882,60,0,3,52016,30.0,51.51882,0
3310016,53,1,2,905542,63.5,42.10016,1
2479877,87,1,3,573195,76.5,45.798770000000005,1
2489383,67,1,1,581562,57.5,71.89383000000001,1
264053,78,1,8,65748,64.0,4.64053,1
4887890,0,1,6,463391,35.0,58.8789,1
1536536,54,0,2,547926,38.0,39.36536,0
2642637,2,1,8,586114,40.0,67.42636999999999,1
3490926,77,0,6,919440,55.5,81.90926,1
3713263,37,0,7,703576,19.5,44.13263,1
4258549,0,1,1,477345,32.0,50.58549,0
1446208,37,0,7,251081,34.5,28.46208,1
4630889,84,0,3,825342,58.0,77.30888999999999,0
1878599,28,1,8,466706,49.0,20.78599,1
122431,4,1,6,942055,39.0,4.22431,1
1343131,73,1,4,222507,63.5,42.431309999999996,1
747008,20,1,8,780377,32.0,19.47008,1
673441,70,1,9,976024,71.0,49.73441,1
4562816,66,1,2,570140,70.0,65.62816000000001,1
4470380,46,0,6,273023,28.0,84.7038,1
2149949,83,1,5,395250,68.5,66.49949000000001,1
1368300,82,1,5,767237,73.0,31.683,1
2047763,34,1,3,987302,44.0,58.477630000000005,1
1729849,67,1,8,366782,71.5,64.29849,1
1985077,68,0,8,119072,39.0,40.85077,1
3982149,0,0,5,117309,14.0,58.82149,0
4973062,67,1,8,210966,62.5,85.73062,1
150861,11,0,8,551775,21.5,31.50861,0
4945710,59,1,3,436868,49.5,58.4571,1
4100737,26,0,2,235639,19.0,58.00737,0
821001,55,1,9,964275,59.5,50.21001,1
2091083,22,1,2,609614,33.0,58.910830000000004,0
4619216,24,0,9,760419,30.0,91.19216,0
1723911,20,0,4,841511,24.0,36.23911,0
1543717,60,1,2,993342,54.0,32.43717,1
4509352,62,1,1,433556,61.0,55.09352,1
2957733,51,1,4,661628,62.5,50.57733,1
1305663,87,0,9,921643,45.5,56.05663,1
133320,24,1,9,468810,37.0,18.3332,1
427025,54,1,4,354893,49.0,37.27025,1
464359,45,0,9,741652,26.5,26.64359,1
1408507,31,1,6,692480,43.5,14.08507,1
4166621,54,0,1,910966,45.0,50.66621,0
1043187,4,0,6,301749,14.0,10.43187,0
4093710,35,0,9,915665,22.5,77.9371,1
1697690,48,0,2,626106,34.0,54.9769,0
200734,57,0,6,948342,41.5,50.00734,1
257702,38,1,2,587717,44.0,10.577020000000001,1
2951274,79,0,4,632036,44.5,59.51274,0
1325811,84,0,8,623095,58.0,19.258110000000002,1
1247087,60,0,7,319284,40.0,28.470869999999998,1
3181091,8,1,9,375370,38.0,65.81091,1
3929049,5,1,7,812449,30.5,86.29049,1
2803381,34,1,1,458117,53.0,64.03381,1
1968670,38,1,2,925247,45.0,36.6867,1
4393122,21,1,6,864957,36.5,75.93122,1
4446664,40,0,7,332635,20.0,47.46664,1
4913673,4,1,3,249888,29.0,71.13673,0
4855469,41,1,9,216052,44.5,58.55469,1
1032817,86,1,7,556733,81.0,18.32817,1
4435702,80,0,6,276597,47.0,73.35702,1
3378360,75,1,6,58078,73.5,40.7836,1
3062732,86,0,1,665942,61.0,69.62732,0
2280338,79,1,5,179101,70.5,26.80338,1
2092825,66,1,3,532737,67.0,31.92825,1
3932978,29,0,7,491920,17.5,39.32978,0
4215811,56,1,3,591285,59.0,56.15811,1
694604,85,0,5,523026,54.5,30.94604,0
2149927,72,1,7,706228,69.0,38.499269999999996,1
3274108,28,1,3,558715,38.0,69.74108,0
2831638,36,0,2,469614,33.0,69.31638,0
364500,86,0,6,262650,49.0,48.645,1
2267478,12,1,8,409500,40.0,47.67478,1
3076031,31,0,4,425855,27.5,69.76031,0
739282,45,0,9,857678,37.5,9.39282,1
3003633,22,0,8,201633,22.0,51.03633,0
2040369,44,1,7,983758,48.0,45.40369,1
4048242,16,1,7,84512,43.0,58.48242,1
1317060,84,0,3,275226,54.0,56.1706,0
1131519,65,0,6,258467,34.5,54.31519,1
889352,5,0,5,894297,16.5,54.89352,0
4778714,17,0,1,991084,10.5,85.78714,0
1490281,21,1,3,514175,36.5,49.90281,0
4041106,32,1,1,939825,53.0,60.41106,1
2422466,29,0,4,646432,27.5,64.22466,0
1951317,80,0,3,747845,57.0,66.51317,0
2046830,31,0,4,167363,33.5,45.4683,0
2714150,41,1,9,362809,53.5,39.1415,1
1668560,77,1,3,775772,77.5,51.6856,1
4760061,9,1,6,231675,29.5,70.60061,1
2705214,35,0,6,202110,24.5,67.05214000000001,1
2329180,33,0,7,667830,22.5,48.291799999999995,1
2428599,72,0,9,937743,55.0,44.28599,1
1095843,27,0,7,539562,30.5,27.95843,0
4288891,10,1,1,850757,42.0,56.88891,0
726045,77,1,8,216964,72.5,21.26045,1
4131419,38,1,5,444969,58.0,46.31419,1
4595511,46,1,9,723356,61.0,87.95510999999999,1
1524945,18,0,5,905243,10.0,45.249449999999996,0
1491538,14,1,5,779643,34.0,41.91538,0
2463999,27,0,2,166737,23.5,31.63999,0
820488,23,0,3,506036,28.5,36.20488,0
4890691,71,1,9,312968,67.5,68.90691000000001,1
519065,8,0,7,457096,12.0,21.190649999999998,0
2884372,46,1,1,814705,51.0,76.84372,1
4325889,32,0,3,692006,32.0,66.25889000000001,0
1563807,61,1,2,378761,56.5,64.63807,1
3192195,18,1,1,323661,37.0,66.92195,0
1716449,66,0,9,727043,33.0,47.16449,1
389102,73,1,8,460092,57.5,49.89102,1
1436737,39,0,5,415212,22.5,47.36737,0
3160006,46,1,2,517018,56.0,32.60006,1
2477074,64,1,1,782079,55.0,65.77074,1
2897753,28,1,7,823408,35.0,30.97753,1
1190805,49,1,2,828610,51.5,40.90805,1
4543778,12,0,1,529818,23.0,52.43778,0
4262065,0,1,2,951448,38.0,48.62065,0
3110087,33,1,7,259485,49.5,42.10087,1
360116,47,1,7,322126,62.5,21.60116,1
3068462,76,0,6,469814,47.0,55.684619999999995,1
3142146,47,1,5,195711,59.5,58.421459999999996,1
2718137,48,1,3,644498,51.0,41.18137,1
4314279,63,0,3,644140,44.5,56.14279,0
4452099,60,1,9,950050,57.0,91.52099,1
3662223,28,0,4,829427,18.0,49.62223,0
1357949,38,1,9,59695,54.0,15.57949,1
3071981,87,1,4,98582,70.5,79.71981,1
3950241,25,1,2,343238,41.5,67.50241,0
4059076,16,1,4,765995,35.0,45.59076,0
3834340,70,1,6,334331,63.0,86.3434,1
3421765,12,0,6,954445,23.0,56.21765,0
488076,68,0,5,703009,36.0,31.880760000000002,0
4984797,25,1,1,680971,48.5,62.84797,0
3209244,48,0,3,837646,43.0,45.09244,0
4916909,66,0,5,860372,47.0,68.16909,0
2298611,6,1,6,569382,39.0,34.98611,1
2060826,57,0,1,618694,35.5,46.60826,0
2944664,48,0,9,197049,25.0,63.44664,1
2713275,52,1,3,488055,62.0,71.13275,1
1478369,64,0,3,501090,49.0,15.78369,0
2523970,61,1,2,894846,54.5,65.2397,1
2190212,16,1,8,413584,36.0,65.90212,1
4271774,42,1,3,993042,49.0,81.71773999999999,1
2341984,24,0,6,285994,13.0,70.41984,0
252999,2,1,2,940001,22.0,25.52999,0
4642923,78,1,7,761601,77.0,74.42922999999999,1
161367,28,1,4,254573,36.0,3.61367,0
853315,31,0,9,780493,31.5,52.53315,1
4700108,25,1,9,110481,45.5,50.00108,1
3105334,15,1,7,812372,40.5,80.05333999999999,1
2954190,24,1,8,339884,45.0,30.5419,1
1384382,53,1,3,899760,51.5,32.84382,1
3953321,27,1,5,546733,35.5,53.53321,0
2754837,72,1,2,324025,56.0,75.54837,1
3584239,55,0,7,349140,42.5,66.84239,1
1142377,64,1,8,737537,55.0,52.42377,1
4677033,85,0,9,696484,42.5,46.77033,1
3357181,79,1,7,611465,75.5,70.57181,1
1023780,40,0,8,116126,37.0,44.2378,1
2966451,50,1,9,368675,52.0,35.66451,1
2568152,70,0,6,76119,36.0,69.68152,1
4507871,77,1,2,692032,75.5,57.07871,1
2042811,28,1,2,166894,49.0,68.42811,0
398090,82,0,4,208987,50.0,3.9809,0
417348,18,0,9,445924,16.0,17.173479999999998,0
1426283,65,0,7,481965,43.5,42.26283,1
192324,40,1,2,94989,55.0,3.92324,1
2420688,44,1,8,858538,53.0,69.20688,1
1905808,14,1,7,853563,37.0,42.058080000000004,1
1420567,2,0,9,882985,20.0,14.20567,0
4320459,10,1,8,56553,43.0,90.20459,1
4636119,52,1,3,592169,46.0,55.36119,1
4115470,45,1,1,51379,44.5,53.1547,1
4754798,29,1,2,402935,45.5,82.54798,0
3377419,56,0,2,417808,36.0,41.77419,0
3722138,17,0,4,119306,12.5,50.22138,0
2640476,50,0,6,462942,25.0,61.404759999999996,1
4329011,47,0,4,293825,32.5,52.29011,0
1037841,65,0,9,976592,48.5,49.37841,1
1667053,7,0,4,477530,6.5,38.67053,0
2016545,21,0,6,561030,24.5,54.16545,0
2943940,5,1,6,678800,40.5,35.4394,1
4647603,75,1,1,328494,64.5,87.47603000000001,1
4032441,56,1,8,550395,62.0,74.32441,1
1307068,35,1,3,149599,43.5,14.07068,1
4464406,78,0,6,655685,53.0,58.64406,1
494274,56,1,3,391653,55.0,12.94274,1
4511589,48,0,2,592057,33.0,91.11589000000001,0
1486980,44,1,5,752609,59.0,30.869799999999998,1
1308052,81,0,1,675872,43.5,51.08052,0
2955994,65,1,9,358509,66.5,46.55994,1
3047762,76,0,7,362329,48.0,44.47762,1
2493293,44,0,3,708146,24.0,41.93293,0
3140267,78,1,4,805897,73.0,54.40267,1
3942323,19,0,6,176525,11.5,61.42323,0
1397076,63,1,3,444836,65.5,24.97076,1
1280887,66,1,7,610591,58.0,34.80887,1
1907610,82,1,6,69589,61.0,39.0761,1
4539850,2,1,9,315026,34.0,70.3985,1
2848385,53,1,5,230394,61.5,35.483850000000004,1
3815288,77,0,4,703524,38.5,67.15288000000001,0
2024401,63,1,3,467740,67.5,53.24401,1
1996220,39,1,1,846177,46.5,20.9622,1
3238744,58,1,3,65861,66.0,36.38744,1
246470,54,0,3,665995,42.0,32.4647,0
1467223,61,1,7,366405,55.5,46.67223,1
1155146,3,1,7,829331,30.5,14.55146,1
2528081,59,1,1,708197,58.5,30.28081,1
3779126,74,1,3,386279,61.0,59.79126,1
3744843,29,0,8,628668,25.5,81.44843,0
4373445,1,0,9,922521,19.5,61.73445,0
4306419,61,1,7,679313,66.5,85.06419,1
3284790,48,1,7,755191,57.0,76.84790000000001,1
3006495,8,1,8,270421,37.0,37.064949999999996,1
4241363,30,0,6,294497,17.0,80.41363,0
1674833,60,1,3,734880,61.0,28.74833,1
3027337,78,1,1,472757,78.0,30.27337,1
2148891,47,1,7,994854,60.5,26.48891,1
1270439,24,1,1,94397,43.0,18.70439,0
3746804,35,0,1,913517,18.5,84.46804,0
747296,7,1,9,900297,24.5,33.47296,1
1649302,72,0,7,892388,52.0,30.49302,1
3222951,57,1,4,470669,57.5,65.22951,1
1778687,44,0,6,505561,39.0,39.78687,1
900101,61,1,1,937159,68.5,56.00101,1
4200612,38,0,7,456122,19.0,90.00612000000001,1
2059406,57,1,6,327132,51.5,43.59406,1
1064918,80,1,4,208795,63.0,24.64918,1
596758,82,1,7,608088,62.0,39.96758,1
4742929,63,0,3,208502,49.5,50.42929,0
128625,43,0,1,475751,32.5,44.28625,0
2933552,28,0,4,249548,23.0,65.33552,0
3531961,58,1,3,307653,61.0,51.31961,1
1376647,70,0,1,923761,54.0,43.76647,0
4142608,8,1,2,626572,38.0,78.42608,0
4782315,5,1,5,630520,24.5,56.82315,0
2627576,28,1,8,94420,53.0,75.27575999999999,1
416205,57,1,1,874142,60.5,30.16205,1
3145315,16,1,4,515713,35.0,72.45315,0
3244480,15,0,4,666323,13.5,37.4448,0
4395680,86,1,5,483714,70.0,48.9568,1
3670834,2,1,7,867715,38.0,50.70834,1
3030639,20,0,8,247241,18.0,33.30639,0
2964781,63,1,6,767817,56.5,76.64780999999999,1
4205519,89,1,1,299863,67.5,81.05519000000001,1
3717860,35,1,7,75968,51.5,43.1786,1
4452360,85,0,3,112508,46.5,92.5236,0
4928761,61,1,6,810151,54.5,93.28761,1
4040285,41,0,8,768580,26.5,86.40285,1
4757089,75,0,7,425579,45.5,72.57088999999999,1
2727144,41,1,6,135366,46.5,57.27144,1
2925896,60,1,9,580026,58.0,30.25896,1
2138540,12,1,9,53098,45.0,48.385400000000004,1
4976872,10,0,1,145424,14.0,90.76872,0
2839956,53,1,1,778993,49.5,40.39956,1
2719980,15,1,1,652960,32.5,44.199799999999996,0
821384,7,0,8,350388,16.5,37.21384,0
619777,58,1,7,713613,57.0,16.19777,1
3799181,56,0,3,890765,28.0,49.99181,0
2987698,39,1,2,175349,55.5,52.87698,1
4330625,58,1,4,625257,61.0,71.30625,1
2532593,1,0,3,665032,6.5,29.32593,0
4128812,75,0,7,251495,45.5,75.28811999999999,1
4131464,9,0,8,167286,14.5,59.31464,0
3490742,43,0,6,125028,23.5,46.90742,1
256498,10,1,3,871853,36.0,6.56498,0
2987296,78,1,6,968958,61.0,72.87296,1
4688887,79,0,2,985026,53.5,59.88887,0
2836582,80,0,7,88575,49.0,65.36582,1
1200500,89,1,7,577480,64.5,33.005,1
1676590,1,1,4,685404,33.5,24.7659,0
2061977,49,0,8,498484,43.5,68.61977,1
4132654,11,0,4,964306,10.5,80.32654,0
764468,89,1,7,655599,65.5,32.64468,1
3460160,22,0,4,977906,18.0,78.60159999999999,0
3385727,17,0,5,655069,8.5,37.85727,0
980112,61,1,7,610815,53.5,37.80112,1
4652994,61,1,3,626469,53.5,67.52994000000001,1
3137099,37,1,5,665760,42.5,79.37099,1
4374277,66,1,3,994506,72.0,45.74277,1
4095609,37,1,5,655507,46.5,67.95609,1
4928426,66,0,3,979964,45.0,86.28426,0
2142823,60,0,7,169783,47.0,34.42823,1
1148173,0,0,1,211554,16.0,57.48173,0
1602025,44,0,9,983951,22.0,29.02025,1
2691661,27,1,9,229300,47.5,68.91660999999999,1
2012584,20,1,5,657553,31.0,30.12584,0
3877538,12,1,9,100126,41.0,46.77538,1
325049,26,1,6,856977,52.0,40.25049,1
1417191,6,0,5,105114,7.0,60.17191,0
2961509,21,0,3,405884,28.5,72.61509,0
847419,73,1,8,256422,60.5,13.47419,1
1179924,52,1,4,763161,47.0,11.79924,1
2480932,78,1,3,850322,65.0,48.80932,1
1754753,78,1,6,171284,61.0,32.547529999999995,1
504772,3,1,8,364626,37.5,19.047719999999998,1
1815499,22,1,9,244469,33.0,51.15499,1
671107,69,0,6,969244,46.5,22.71107,1
2175406,87,1,5,997625,69.5,23.75406,1
2617334,83,1,2,192290,63.5,28.17334,1
2186213,83,0,2,383735,55.5,57.86213,0
3458509,75,1,9,662529,74.5,50.58509,1
2879499,32,0,2,871154,25.0,76.79499,0
2013722,27,1,2,885863,39.5,57.13722,0
2910860,7,0,3,232615,11.5,29.1086,0
648884,0,1,3,354144,24.0,12.48884,0
2099254,36,0,4,908407,37.0,45.992540000000005,0
1087471,62,1,7,605209,58.0,56.87471,1
4353486,21,0,9,935697,23.5,81.53486000000001,0
4256532,69,0,2,400891,37.5,60.56532,0
1801667,20,1,4,211686,49.0,47.016670000000005,0
3717556,34,1,9,766549,50.0,79.17555999999999,1
2967340,78,0,2,591889,50.0,42.6734,0
358517,4,0,1,667620,3.0,15.58517,0
1457133,59,1,8,435398,61.5,33.57133,1
805475,45,1,9,776903,42.5,33.05475,1
4039311,49,1,7,988018,63.5,66.39311000000001,1
848013,47,0,8,510828,29.5,32.48013,1
2888890,5,1,4,431148,30.5,36.8889,0
1352078,88,0,4,809860,60.0,53.52078,0
4438843,55,0,2,983796,39.5,91.38843,0
524226,58,1,8,999014,58.0,16.24226,1
3767591,28,1,2,340144,49.0,46.67591,0
3367727,70,1,9,180439,60.0,38.67727,1
4217923,76,0,4,289691,53.0,91.17922999999999,0
3703101,17,1,1,169277,38.5,70.03101000000001,0
4994640,1,1,4,342527,39.5,89.9464,0
798956,7,1,3,192857,25.5,25.98956,0
4001529,74,0,6,615198,45.0,45.01529,1
3503096,53,0,7,744388,40.5,36.03096,1
4380669,37,0,8,730215,30.5,57.80669,1
854950,47,1,2,860713,52.5,24.549500000000002,1
275211,26,0,6,425982,32.0,17.752110000000002,0
4192966,19,1,6,579129,41.5,68.92966,1
4357950,11,0,5,147204,21.5,63.5795,0
365798,42,1,7,110155,47.0,10.65798,1
1630814,60,0,3,994422,35.0,25.30814,0
1983376,30,1,4,368457,47.0,28.83376,0
3991113,60,1,9,567953,66.0,88.91113,1
3121097,73,0,4,833877,50.5,40.21097,0
255683,66,1,3,835428,56.0,10.55683,1
3103475,34,1,2,948120,51.0,58.03475,1
4926563,14,1,5,568985,40.0,72.26563,0
4830741,15,1,4,198515,37.5,66.30741,0
2087755,12,0,8,475466,9.0,52.87755,0
2006039,34,0,7,182994,19.0,23.06039,1
4861260,74,0,6,868408,38.0,50.6126,1
1555465,58,0,2,717351,48.0,56.55465,0
4292814,20,0,3,154405,19.0,53.92814,0
1094170,53,0,9,628032,38.5,27.9417,1
2809644,74,1,9,990237,76.0,50.09644,1
311830,29,1,5,576761,51.5,22.1183,0
3662613,47,0,3,713468,38.5,41.62613,0
3429049,34,0,2,603003,27.0,67.29049,0
4855976,85,1,8,294826,71.5,89.55976,1
621998,37,0,6,303856,26.5,7.21998,1
4160119,30,0,7,813707,26.0,70.60119,0
3846169,77,0,1,569637,56.5,46.46169,0
175388,23,1,1,826796,31.5,27.75388,0
1875767,48,1,2,475426,61.0,59.757670000000005,1
2429753,31,0,3,873749,28.5,57.297529999999995,0
1597618,54,1,1,377660,47.0,54.97618,1
4121080,78,1,5,738722,75.0,64.2108,1
4528690,57,1,3,104604,58.5,93.2869,1
3589443,2,1,1,558410,40.0,51.89443,0
2658944,79,1,8,54889,73.5,54.589439999999996,1
601174,68,0,6,794917,37.0,41.01174,1
2981777,84,0,9,910180,56.0,78.81777,1
2848996,9,1,3,868403,37.5,39.489959999999996,0
295246,82,1,9,624839,61.0,32.95246,1
3796176,24,1,9,708561,40.0,85.96176,1
2443394,67,1,1,287230,59.5,32.43394,1
611083,60,1,3,286139,60.0,24.11083,1
1112384,28,0,6,683245,15.0,56.12384,0
966964,18,1,8,139882,30.0,54.66964,1
149104,42,1,4,350102,46.0,17.491039999999998,1
3156277,65,1,5,784611,70.5,32.56277,1
963663,73,1,9,317825,75.5,48.63663,1
4858982,60,1,6,151982,63.0,52.58982,1
4500072,42,0,7,96870,23.0,83.00072,1
1306861,24,1,7,964828,38.0,60.06861,1
3219612,19,0,4,263328,15.5,47.19612,0
2991005,47,1,4,903635,46.5,45.91005,1
4836319,82,1,4,209224,65.0,74.36319,1
357681,86,0,5,624349,59.0,9.57681,0
194018,23,1,5,238691,34.5,8.94018,0
2098197,10,1,8,632523,37.0,27.98197,1
2154780,54,1,9,874322,62.0,43.547799999999995,1
3539782,27,0,2,664361,28.5,66.39782,0
4523408,68,1,7,897833,55.0,87.23408,1
942186,62,1,1,585505,68.0,55.42186,1
4487814,58,1,1,360495,49.0,61.87814,1
1593293,4,0,4,870173,19.0,52.93293,0
2651314,50,1,7,463870,52.0,37.51314,1
1224905,20,1,2,242386,40.0,26.24905,0
3205958,11,0,2,313552,19.5,59.05958,0
4989196,49,0,1,571817,39.5,86.89196,0
3358084,3,0,2,617191,17.5,82.58084,0
304451,41,1,7,789568,56.5,33.04451,1
2080290,83,1,9,157042,72.5,28.8029,1
3524328,37,1,6,818013,47.5,42.24328,1
4849959,24,0,2,706578,31.0,93.49959,0
503322,13,1,9,231644,31.5,23.03322,1
4671843,74,0,7,544897,44.0,53.71843,1
4410796,31,0,1,434333,27.5,77.10795999999999,0
4177716,10,1,9,683556,26.0,44.77716,1
4459879,60,0,2,604393,48.0,74.59879000000001,0
2190545,17,1,4,119634,37.5,58.90545,0
2008802,26,0,9,429570,16.0,22.08802,0
1648075,54,1,4,188691,58.0,50.48075,1
593948,53,1,3,455155,63.5,23.93948,1
4268962,81,1,1,68226,66.5,84.68961999999999,1
3844085,86,0,7,75322,62.0,66.44085,1
880641,74,0,6,953936,40.0,17.80641,1
4566134,20,1,4,894647,36.0,56.66134,0
1654205,43,0,6,984382,30.5,61.54205,1
1804597,4,1,6,974064,36.0,47.04597,1
3865689,86,1,4,741572,74.0,67.65689,1
2651331,40,0,6,144835,20.0,43.513310000000004,1
3227748,58,0,8,305027,48.0,55.27748,1
935036,88,1,3,123079,81.0,40.35036,1
2469822,53,1,4,73946,61.5,32.69822,1
4101070,73,1,1,737100,60.5,87.0107,1
2488278,21,1,4,947165,48.5,47.88278,0
2983791,82,1,9,57253,64.0,54.83791,1
4280413,64,0,8,129311,37.0,44.80413,1
3596605,63,1,4,869245,67.5,57.96605,1
1405487,70,1,7,995136,61.0,24.05487,1
408623,3,0,3,360509,7.5,13.08623,0
3747371,64,0,9,641881,40.0,86.47371,1
3396903,14,0,4,199485,19.0,68.96903,0
2368115,75,0,2,276833,56.5,35.68115,0
1290402,21,1,5,612773,43.5,40.90402,0
1247116,85,0,2,249304,57.5,49.47116,0
3056566,46,0,6,947936,31.0,42.56566,1
3872763,80,0,1,852533,54.0,63.72763,0
410375,45,1,6,583119,46.5,23.103749999999998,1
2226453,13,1,4,527799,43.5,26.26453,0
1371300,49,1,3,364041,63.5,32.713,1
3759731,19,0,2,55004,16.5,50.59731,0
4488087,49,1,7,358068,58.5,88.88087,1
3942411,32,1,9,464725,44.0,52.42411,1
1115416,58,0,3,87170,47.0,18.154159999999997,0
4963059,42,0,6,617843,26.0,96.63059,1
2414181,78,0,9,457878,42.0,36.14181,1
3504231,11,0,2,168115,15.5,58.04231,0
3365696,39,1,7,940648,48.5,47.65696,1
4672148,19,1,5,902362,31.5,46.72148,0
4305003,37,1,5,228475,38.5,64.05002999999999,1
3441861,2,1,7,348509,32.0,67.41861,1
4828307,27,1,9,374332,47.5,97.28307000000001,1
2715804,55,1,4,781420,61.5,66.15804,1
4412717,89,1,9,410777,77.5,46.12717,1
2082243,12,0,9,994177,12.0,45.82243,0
1792128,76,0,4,113471,54.0,30.92128,0
3513654,65,1,3,460372,70.5,75.13654,1
3370209,36,0,2,631575,24.0,40.70209,0
315400,48,0,9,444861,26.0,51.153999999999996,1
2757025,65,1,2,371220,54.5,42.57025,1
3424664,35,1,6,537801,54.5,75.24664,1
4686440,53,1,5,690763,65.5,66.8644,1
3694058,25,1,5,100151,45.5,45.94058,0
4684258,74,1,4,641672,59.0,70.84258,1
2235219,71,1,6,412009,61.5,59.35219,1
1846621,39,1,5,607829,45.5,39.466210000000004,1
4312377,42,1,4,122847,45.0,91.12377000000001,1
4330339,21,1,9,792459,32.5,90.30339000000001,1
1344625,19,1,6,261811,46.5,59.44625,1
333782,7,1,3,887387,37.5,48.33782,0
4909109,28,1,6,976794,53.0,52.09109,1
3835466,39,0,1,543570,32.5,41.35466,0
1683246,89,0,5,788027,47.5,45.83246,0
826331,29,0,6,473359,21.5,9.26331,0
1894291,80,1,8,992013,72.0,46.94291,1
3998606,83,0,9,399924,48.5,81.98606000000001,1
3082448,54,0,3,742101,41.0,65.82448,0
4961993,15,1,2,470114,43.5,69.61993,0
2978117,45,0,4,567649,26.5,49.78117,0
4581617,61,1,8,149919,69.5,92.81617,1
4381772,6,0,8,424998,6.0,63.81772,0
2143037,79,1,3,266746,69.5,24.43037,1
4486007,44,1,4,244020,59.0,44.86007,1
3833149,58,1,3,636056,58.0,63.33149,1
3187821,55,1,2,93262,63.5,32.878209999999996,1
2904802,47,1,4,448722,57.5,37.04802,1
4257263,26,0,6,594893,18.0,86.57263,0
4588198,52,0,5,652878,41.0,62.88198,0
1713325,86,0,3,340375,57.0,64.13325,0
3712744,87,1,2,653685,70.5,84.12744,1
1226798,72,1,9,127123,64.0,53.26798,1
2833460,34,1,1,849947,47.0,68.3346,1
4215362,50,0,9,399355,26.0,52.15362,1
1803377,83,1,1,481838,73.5,42.033770000000004,1
1352557,36,1,7,853032,41.0,38.52557,1
4398515,80,1,6,208964,68.0,78.98515,1
3432049,56,1,7,905742,52.0,75.32049,1
1590687,7,0,3,989305,21.5,49.90687,0
4781993,78,1,3,218767,61.0,84.81993,1
1023160,19,1,1,996357,31.5,12.2316,0
4157025,52,0,4,709789,31.0,81.57025,0
3702684,11,0,2,709966,14.5,71.02683999999999,0
3047893,48,1,8,447694,48.0,79.47892999999999,1
3888963,16,1,3,688668,30.0,77.88963,0
3974910,63,1,7,527032,57.5,60.7491,1
3251629,41,0,7,745494,37.5,39.51629,1
2359776,28,1,9,513179,41.0,37.59776,1
3468045,18,1,6,948212,29.0,78.68045000000001,1
4987349,10,1,1,206547,28.0,55.87349,0
4440092,49,1,8,902609,50.5,62.40092,1
4932691,70,0,1,727090,48.0,88.32691,0
2732578,57,1,3,202185,60.5,68.32578000000001,1
1068616,33,0,5,725371,25.5,26.68616,0
4317733,19,1,8,105746,46.5,43.17733,1
1350956,49,1,9,959507,44.5,57.50956,1
1590036,87,1,7,748213,66.5,43.90036,1
2969729,9,1,9,921627,39.5,41.697289999999995,1
1909377,31,1,3,873250,50.5,66.09377,1
1165923,51,1,5,218393,62.5,39.65923,1
1820856,14,1,8,333453,34.0,58.20856,1
656110,83,1,1,986192,70.5,47.561099999999996,1
1064163,2,1,8,340320,36.0,15.64163,1
3112539,36,1,7,643167,48.0,35.125389999999996,1
4302271,39,0,1,641880,24.5,76.02270999999999,0
4142879,71,1,6,396872,55.5,51.42879,1
3781887,39,0,1,270084,30.5,45.81887,0
2422523,55,1,2,976920,52.5,61.225229999999996,1
3975358,22,0,5,771782,23.0,78.75358,0
1313261,10,1,2,845016,41.0,53.13261,0
4846771,63,1,1,698843,51.5,56.46771,1
351537,7,1,6,405446,30.5,10.51537,1
1856124,55,1,8,958840,54.5,61.56124,1
941531,59,0,8,593118,39.5,48.41531,1
964645,9,0,8,266897,17.5,11.64645,0
1528127,38,0,6,826522,28.0,27.28127,1
571082,27,1,3,913498,47.5,23.71082,0
2021277,48,1,1,840023,50.0,53.21277,1
4354849,35,1,2,143878,43.5,74.54849,1
3547794,12,0,5,175407,15.0,83.47793999999999,0
1715777,35,0,5,691157,20.5,32.15777,0
3604905,25,1,1,307716,49.5,71.04905,0
3612664,85,1,1,857827,71.5,53.12664,1
1073181,3,1,9,66738,39.5,23.73181,1
3216810,81,1,2,183703,73.5,61.1681,1
1591633,63,1,7,723265,63.5,16.916330000000002,1
4995996,37,0,4,593344,32.5,61.95996,0
1633854,87,1,7,815034,78.5,42.338539999999995,1
2161774,86,1,8,560241,64.0,37.61774,1
2890358,21,0,5,433800,13.5,58.903580000000005,0
3960562,1,1,1,689604,37.5,53.60562,0
3290664,30,0,4,740807,31.0,51.90664,0
1865524,10,1,3,628706,34.0,22.65524,0
1350632,45,0,5,873622,30.5,19.506320000000002,0
2422621,61,1,6,76014,64.5,41.226209999999995,1
237478,68,0,2,778359,45.0,12.37478,0
3343087,63,1,7,813277,59.5,64.43087,1
1009711,9,1,3,231350,37.5,59.09711,0
3811584,39,1,1,961995,51.5,64.11583999999999,1
1719715,23,1,3,838212,36.5,42.19715,0
2690310,43,1,9,534859,59.5,62.903099999999995,1
1727687,59,0,6,764618,32.5,61.27687,1
1060612,61,0,6,540339,49.5,37.606120000000004,1
527387,86,0,4,92192,59.0,54.27387,0
3746259,16,1,8,941307,46.0,38.46259,1
1644613,64,0,5,411273,34.0,35.44613,0
1397638,56,1,7,93923,61.0,16.97638,1
4729988,54,1,9,663484,63.0,59.29988,1
2254174,52,0,5,576683,38.0,45.541740000000004,0
2530525,55,0,5,414593,35.5,72.30525,0
3195010,8,0,4,433891,4.0,68.95009999999999,0
2556070,21,1,6,802744,46.5,64.5607,1
589626,12,0,2,458995,21.0,52.89626,0
388859,88,0,3,645316,61.0,47.88859,0
4849766,47,1,1,997226,44.5,76.49766,1
1646236,17,1,2,450327,41.5,51.462360000000004,0
4101412,75,0,2,816751,53.5,42.01412,0
2390870,39,0,8,715344,21.5,63.908699999999996,1
694305,16,0,8,929608,9.0,23.94305,0
4357341,14,1,2,777688,34.0,91.57341,0
3859834,14,1,6,305315,28.0,45.59834,1
2727988,78,0,5,339068,40.0,41.27988,0
304366,62,0,3,495919,39.0,43.04366,0
602420,38,1,5,344721,58.0,22.0242,1
2351401,12,1,5,188783,31.0,45.51401,0
1779161,80,0,5,659836,51.0,18.79161,0
1138199,31,1,3,307288,43.5,16.381990000000002,1
760902,8,0,3,543085,10.0,35.60902,0
1638112,39,0,4,545187,30.5,42.381119999999996,0
1826676,19,1,7,699381,33.5,54.266760000000005,1
1470073,89,1,2,285835,79.5,62.70073,1
4253585,84,1,4,971600,66.0,75.53585000000001,1
1785996,81,1,4,902987,71.5,34.85996,1
3346417,76,1,1,401992,77.0,74.46417,1
802436,79,1,8,256084,67.5,17.02436,1
2643788,72,1,1,844686,62.0,63.43788,1
1452144,62,1,8,437554,69.0,57.52144,1
1651330,75,1,7,803315,76.5,32.5133,1
1071248,43,0,9,520336,31.5,22.71248,1
4757851,37,1,8,973469,49.5,94.57851,1
2707411,82,1,5,258072,63.0,68.07411,1
1793439,59,1,8,298029,65.5,43.93439,1
1931094,70,0,3,259047,41.0,20.31094,0
3537172,47,1,7,415169,52.5,68.37172000000001,1
1159325,17,1,4,180509,42.5,41.59325,0
2063571,15,0,5,812072,8.5,42.63571,0
4519323,54,1,9,345107,59.0,51.19323,1
697218,38,0,7,577561,22.0,43.97218,1
3915144,67,0,4,589618,50.5,71.15144000000001,0
3536252,58,1,6,202566,49.0,46.36252,1
917052,88,1,7,650710,65.0,53.170519999999996,1
2085957,61,1,9,958521,51.5,31.85957,1
1528080,12,0,4,53212,9.0,33.2808,0
1201928,80,1,3,282131,62.0,20.019280000000002,1
2621279,5,0,8,526657,18.5,35.21279,0
2200343,82,0,1,661882,54.0,38.00343,0
4196392,76,0,9,182152,39.0,90.96392,1
2826016,59,1,1,344819,64.5,67.26016,1
1344289,89,1,2,72007,74.5,51.44289,1
542939,13,1,8,688093,38.5,45.42939,1
1152207,53,1,9,394785,46.5,20.52207,1
3382972,3,0,7,670103,2.5,44.82972,0
404224,38,1,3,883247,40.0,18.04224,1
4514473,71,1,7,919914,59.5,75.14473000000001,1
2811793,24,1,6,837071,35.0,42.11793,1
4847263,76,0,2,375737,49.0,75.47263000000001,0
2419124,31,1,3,562164,37.5,27.19124,1
4023227,58,1,5,128038,68.0,75.23227,1
2173290,62,1,4,406043,60.0,21.7329,1
2618970,37,1,2,840168,57.5,69.1897,1
3989877,52,0,4,827794,43.0,72.89877,0
1827408,66,1,8,66473,62.0,64.27408,1
2901742,27,0,5,703059,13.5,45.01742,0
3188272,2,1,5,175801,26.0,69.88272,0
1155675,79,1,3,944030,69.5,48.55675,1
3664375,21,0,8,660911,11.5,79.64375,0
1065188,37,1,6,558252,44.5,42.65188,1
4848703,71,1,2,275097,74.5,68.48703,1
2261088,71,0,2,348964,52.5,47.61088,0
2420484,61,1,9,265933,68.5,69.20484,1
4205223,56,0,7,369733,31.0,77.05223000000001,1
2922988,5,1,9,771167,34.5,33.22988,1
4019047,77,1,6,330558,75.5,72.19047,1
3568792,31,1,5,439522,54.5,35.68792,1
587510,9,1,1,74220,36.5,10.8751,0
3675168,2,1,6,634819,39.0,72.75168,1
4155447,58,1,6,422146,65.0,42.55447,1
1773879,75,0,3,557409,37.5,21.73879,0
1880752,48,1,3,747785,49.0,43.80752,1
3393331,58,1,3,59387,67.0,73.93331,1
3864455,30,0,3,295752,34.0,84.64455000000001,0
4435518,68,1,7,651103,54.0,56.35518,1
503082,61,1,2,601872,57.5,16.03082,1
301139,51,1,2,619071,61.5,7.0113900000000005,1
4004722,88,0,3,745169,58.0,41.04722,0
2846866,40,0,7,759687,37.0,31.46866,1
1307786,30,0,3,698782,21.0,39.07786,0
192601,84,1,7,690102,77.0,50.92601,1
3275684,83,0,9,300139,47.5,41.75684,1
3484068,21,1,4,967184,46.5,46.84068,0
729085,3,0,7,550228,4.5,50.29085,0
2059925,12,1,9,716217,37.0,21.59925,1
3109887,44,0,8,747621,34.0,56.098870000000005,1
1618087,41,1,8,910020,43.5,30.18087,1
2113321,48,0,9,984499,24.0,66.13320999999999,1
2618638,19,1,5,296509,29.5,35.18638,0
703103,76,0,5,63580,44.0,28.03103,0
4333583,80,1,3,592528,68.0,82.33583,1
4666235,53,1,5,828639,46.5,70.66235,1
2089968,35,0,8,395590,32.5,34.899680000000004,1
2345854,0,1,5,518968,37.0,35.45854,0
4739681,14,1,4,940965,41.0,54.39681,0
2716241,76,0,8,828559,43.0,47.16241,1
2943586,16,1,7,533663,29.0,49.435860000000005,1
1357008,23,0,6,478082,19.5,34.570080000000004,0
4170211,57,1,5,655262,51.5,86.70211,1
3943688,71,1,5,647689,67.5,71.43688,1
3716984,22,0,2,263165,21.0,81.16984,0
4417561,45,1,4,455427,54.5,70.17561,1
4118365,71,1,8,502201,65.5,80.18365,1
1103171,7,1,8,214340,41.5,60.031710000000004,1
3000737,58,1,1,840078,56.0,51.00737,1
1470485,89,1,2,760731,70.5,43.70485,1
1781076,58,1,5,822411,64.0,25.81076,1
1711935,12,0,9,354960,8.0,61.11935,0
212990,38,1,7,139460,55.0,36.1299,1
1081883,27,1,5,356256,50.5,27.81883,0
1768321,88,1,1,101048,78.0,58.68321,1
3393705,60,1,6,780806,66.0,37.93705,1
1718702,15,1,8,182850,37.5,43.187020000000004,1
1600071,1,1,7,882184,24.5,21.00071,1
3859505,81,1,2,528193,75.5,69.59505,1
126806,16,0,5,907158,22.0,8.26806,0
4709688,29,1,4,786200,43.5,85.09688,0
4364423,12,1,9,994793,39.0,63.64423,1
1973722,81,0,1,356932,41.5,36.73722,0
1619603,12,1,6,316891,41.0,29.19603,1
2068541,42,1,3,574333,59.0,34.685410000000005,1
2604659,84,0,9,582046,49.0,67.04659,1
1850740,20,0,5,829685,24.0,43.507400000000004,0
963403,54,0,6,961508,36.0,52.634029999999996,1
979903,80,1,9,728797,64.0,40.79903,1
985421,39,0,9,724945,38.5,47.85421,1
4378384,82,0,8,190926,56.0,70.78384,1
1078836,14,1,9,233148,38.0,48.78836,1
3323522,72,0,4,893382,48.0,75.23522,0
2317181,51,0,6,722709,33.5,54.17181,1
279830,73,0,5,801588,52.5,14.7983,0
1656518,52,1,5,726708,65.0,30.56518,1
3584144,86,1,4,215368,74.0,52.84144,1
2759083,51,0,2,544496,29.5,65.59083,0
4213640,29,1,6,69455,45.5,47.1364,1
4600398,32,1,9,784184,36.0,56.00398,1
1336497,56,0,1,515139,47.0,44.36497,0
4977708,51,0,7,281897,40.5,88.77708,1
1647261,8,0,6,482509,15.0,35.47261,0
966183,53,1,3,542646,54.5,41.66183,1
722893,0,1,1,662840,32.0,46.22893,0
4639014,43,0,4,882548,37.5,53.39014,0
3995958,74,1,9,432605,73.0,73.95958,1
4926847,79,0,2,614772,42.5,53.26847,0
551157,8,1,3,997719,37.0,39.51157,0
1365898,31,1,2,393782,53.5,59.65898,1
2220539,14,0,2,708764,13.0,35.20539,0
980412,11,1,8,218332,27.5,29.804119999999998,1
3331185,77,0,3,150647,38.5,79.31184999999999,0
2341281,56,1,7,639930,59.0,46.41281,1
3834044,7,0,8,786091,17.5,54.34044,0
417875,71,1,3,882441,65.5,21.17875,1
1328337,26,0,2,178824,22.0,46.28337,0
2766078,61,1,8,823202,51.5,38.66078,1
584814,11,0,3,866037,8.5,20.84814,0
1326134,64,1,7,685167,68.0,16.26134,1
3790583,41,0,1,695115,36.5,61.90583,0
2620107,61,1,6,317724,57.5,59.20107,1
1730668,10,0,9,951334,18.0,44.30668,0
1699908,42,0,3,317544,24.0,61.99908,0
2264412,16,1,7,745003,33.0,32.64412,1
2453847,31,0,6,801545,33.5,36.538470000000004,1
2730146,84,0,8,932464,45.0,57.30146,1
2992478,84,1,3,177319,64.0,53.92478,1
2084117,39,1,3,562193,58.5,58.841170000000005,1
2543282,22,0,4,529389,16.0,34.43282,0
129725,55,1,3,156960,53.5,24.29725,1
1285574,5,1,9,89015,35.5,12.85574,1
4398859,85,0,4,383857,53.5,67.98859,0
895928,49,1,6,778165,59.5,35.95928,1
988036,36,1,8,982478,57.0,44.880359999999996,1
3071783,63,1,8,195109,58.5,47.71783,1
2762761,53,0,5,527508,27.5,32.627610000000004,0
2613024,71,1,5,836351,67.5,27.13024,1
2640034,48,0,6,983671,31.0,28.40034,1
2498083,10,0,7,138754,24.0,69.98083,0
2653314,87,0,7,271775,58.5,33.53314,1
4840319,48,1,4,355292,47.0,78.40319,1
4009439,20,1,6,777513,45.0,87.09439,1
4011146,65,1,7,726894,71.5,58.11146,1
1740920,62,1,5,796355,56.0,66.4092,1
1807017,82,0,5,959222,44.0,23.07017,0
789556,27,0,2,922510,28.5,20.89556,0
2889247,16,0,7,106879,20.0,30.89247,0
2957261,5,0,6,169894,6.5,76.57261,0
3325830,18,1,1,640127,43.0,33.2583,0
2353722,55,1,4,79756,54.5,66.53722,1
1749729,27,0,3,718043,19.5,46.49729,0
1216271,65,0,3,230557,45.5,57.162710000000004,0
2628268,37,0,7,279303,24.5,44.28268,1
3199555,36,1,4,454241,44.0,49.99555,1
1781641,67,1,8,724075,70.5,25.81641,1
616409,85,1,9,541599,71.5,12.16409,1
766165,89,1,3,545283,81.5,52.66165,1
2888363,48,1,5,667231,57.0,64.88363,1
4576321,42,0,4,792476,30.0,94.76321,0
3810388,35,0,6,198188,23.5,78.10388,1
3335192,57,1,4,611032,54.5,39.35192,1
2867891,12,1,8,174697,32.0,36.67891,1
3363050,51,0,3,530795,29.5,36.6305,0
1840687,57,1,5,690360,48.5,42.40687,1
2035090,31,1,1,445340,48.5,68.3509,1
845182,80,1,6,286028,77.0,19.451819999999998,1
4037270,59,1,5,743411,61.5,45.3727,1
516978,82,1,8,57176,68.0,22.16978,1
1133316,57,1,9,927742,55.5,50.33316,1
4919075,55,0,8,826653,36.5,69.19075000000001,1
2721038,27,0,8,508034,29.5,41.21038,0
3480355,0,0,3,563611,5.0,36.80355,0
4836905,41,0,4,199748,34.5,49.36905,0
1870485,81,1,4,95177,74.5,58.70485,1
4842297,47,1,5,533512,58.5,87.42296999999999,1
3968452,39,0,9,160623,26.5,42.68452,1
4105605,62,1,9,575285,69.0,72.05605,1
2301044,75,0,1,502546,56.5,24.01044,0
1412743,71,0,8,546184,49.5,59.127430000000004,1
2841094,87,0,1,694467,45.5,56.41094,0
2027205,79,0,2,297439,44.5,21.27205,0
3834445,3,0,7,694691,8.5,71.34445,0
204195,37,1,8,978735,53.5,28.04195,1
4201036,26,1,1,145287,47.0,80.01035999999999,0
1438486,8,1,3,169574,36.0,57.38486,0
2265251,15,0,7,830751,26.5,59.65251,0
1577852,55,0,9,171509,41.5,32.77852,1
3314850,75,0,8,397591,54.5,68.1485,1
1820023,30,1,8,945954,47.0,36.200230000000005,1
2770308,87,0,9,499181,50.5,53.70308,1
3662169,13,1,3,393288,39.5,80.62169,0
4127446,24,1,8,822793,42.0,60.27446,1
586275,33,1,1,242589,41.5,25.86275,1
398871,66,1,8,929125,53.0,25.98871,1
1257655,23,0,7,406459,12.5,41.57655,0
3049281,72,0,8,538720,48.0,54.49281,1
1394929,25,0,1,863819,12.5,43.94929,0
2604594,19,1,6,54090,32.5,52.04594,1
1343294,63,0,7,957278,32.5,46.43294,1
3667675,9,0,5,468161,23.5,43.67675,0
996816,82,1,5,876671,76.0,27.968159999999997,1
3907085,66,0,7,53743,35.0,79.07085000000001,1
2514802,23,1,3,80924,47.5,50.14802,0
543031,4,1,6,191268,26.0,32.43031,1
1190668,66,0,7,966592,40.0,14.90668,1
2890373,57,0,1,928247,39.5,58.903729999999996,0
3783444,26,0,2,679600,24.0,52.83444,0
4016643,79,1,4,381004,59.5,49.16643,1
3387058,14,1,8,790537,27.0,70.87057999999999,1
3303503,34,1,6,798378,51.0,80.03503,1
1885516,75,1,1,279602,73.5,27.85516,1
4258179,52,1,5,392543,47.0,86.58179,1
390998,43,0,7,885227,37.5,11.909980000000001,1
4955920,25,0,6,887985,31.5,87.5592,0
1928022,46,1,9,558928,51.0,54.28022,1
3148593,33,0,8,153976,27.5,66.48593,1
1509854,86,0,4,205183,46.0,33.09854,0
281360,49,1,5,687854,56.5,20.8136,1
2544026,83,1,7,307443,64.5,36.440259999999995,1
2615419,11,1,8,694256,31.5,38.15419,1
4238286,86,1,5,111600,76.0,66.38286,1
1391210,3,0,9,624310,9.5,48.9121,0
2743061,86,1,4,708559,63.0,51.43061,1
3684197,47,0,4,887329,23.5,63.84197,0
411955,54,0,8,874470,46.0,45.119550000000004,1
2227599,0,1,1,173323,23.0,60.27599,0
2325198,88,0,8,236110,44.0,52.25198,1
1665070,65,1,5,694566,61.5,20.6507,1
3931342,29,0,1,947486,15.5,55.31342,0
4935451,2,1,4,320041,35.0,66.35451,0
4482794,20,0,2,638829,12.0,86.82794,0
4798713,88,1,4,156968,72.0,93.98713000000001,1
3890328,83,1,8,589180,77.5,58.90328,1
4810899,48,0,5,975775,36.0,69.10899,0
3996892,85,0,1,74815,44.5,77.96892,0
4957993,84,0,7,882044,45.0,98.57992999999999,1
2363089,61,0,1,476573,33.5,28.63089,0
3562092,37,1,9,518304,48.5,84.62092,1
4537610,14,1,3,852699,33.0,60.3761,0
3339536,51,0,3,854700,35.5,34.39536,0
2426133,78,0,6,688751,49.0,24.26133,1
1839461,45,0,6,981767,31.5,47.39461,1
2250224,24,1,6,514151,36.0,64.50224,1
4102713,20,0,1,931779,22.0,77.02713,0
687100,87,1,5,240732,74.5,53.871,1
3515871,4,1,6,246599,31.0,57.15871,1
2481732,69,0,8,244451,40.5,24.81732,1
1977971,46,1,1,406686,61.0,37.77971,1
2449316,86,1,5,746631,81.0,69.49316,1
4141059,67,1,3,378756,71.5,43.41059,1
2966757,17,0,2,188307,19.5,30.66757,0
1436921,20,0,8,138757,29.0,50.36921,0
2347939,85,1,7,459633,76.5,39.479389999999995,1
4454685,22,1,7,934507,35.0,71.54685,1
1677969,63,1,5,346753,64.5,33.77969,1
4034999,66,1,9,939217,64.0,72.34998999999999,1
4363224,39,1,5,304200,49.5,57.63224,1
2847176,9,1,2,597933,28.5,49.47176,0
3128149,88,0,3,506089,59.0,71.28149,0
2738509,51,1,4,769918,62.5,53.385090000000005,1
3751387,71,1,5,374377,66.5,73.51387,1
2204683,74,1,3,423587,61.0,53.04683,1
2627419,60,1,7,204473,65.0,70.27419,1
1811672,63,0,5,844203,42.5,36.11672,0
3312883,4,1,5,517667,23.0,60.12883,0
3128631,52,1,6,522650,51.0,58.28631,1
2671165,54,0,7,510665,30.0,35.71165,1
1878539,36,1,8,414745,50.0,37.78539,1
4124733,55,0,9,535820,36.5,65.24733,1
4959221,58,0,4,445158,45.0,69.59221,0
1514022,68,0,5,725748,47.0,28.14022,0
3901250,72,1,5,961656,70.0,60.0125,1
1052246,58,1,8,657539,56.0,35.52246,1
119675,1,1,9,631330,37.5,44.19675,1
173997,64,1,7,890172,54.0,11.73997,1
1067561,59,1,5,246945,65.5,16.67561,1
2098671,50,0,3,621312,31.0,36.98671,0
586799,29,0,1,728810,26.5,22.86799,0
2338057,10,1,9,631253,40.0,29.38057,1
4564344,75,0,5,322201,41.5,64.64344,0
2509029,38,1,9,798609,42.0,62.090289999999996,1
4021451,89,1,4,845415,73.5,50.21451,1
666088,76,1,5,442613,70.0,49.66088,1
1862999,71,1,4,594283,64.5,33.62999,1
758003,62,0,2,164587,44.0,33.58003,0
2500081,63,0,1,283076,42.5,35.00081,0
905113,60,1,8,796988,50.0,24.05113,1
2563160,53,0,4,520897,45.5,47.6316,0
1033396,72,1,5,88886,75.0,21.333959999999998,1
3262801,57,0,6,401169,34.5,71.62801,1
4134464,84,1,8,539788,70.0,43.34464,1
1703546,55,1,8,145149,54.5,18.03546,1
2192101,33,1,7,668308,48.5,58.921009999999995,1
2059310,30,0,4,576961,28.0,67.59309999999999,0
1556081,51,0,6,913945,36.5,38.560810000000004,1
215359,88,1,4,73466,71.0,30.15359,1
2263859,75,0,7,287626,54.5,68.63859,1
4545655,0,1,1,928977,35.0,90.45655,0
3835444,54,1,5,559966,57.0,71.35444,1
3641483,21,1,4,624694,45.5,55.41483,0
2692631,39,1,7,446904,52.5,43.92631,1
1784351,0,0,9,643572,2.0,30.84351,0
1612760,64,1,5,810006,53.0,33.1276,1
1562436,62,1,4,951011,53.0,16.62436,1
3657689,53,1,9,587953,49.5,36.57689,1
4546228,41,1,5,594929,44.5,64.46227999999999,1
2980593,20,1,9,475716,39.0,62.805930000000004,1
1963236,78,0,8,610085,58.0,59.63236,1
2446582,80,0,4,790126,41.0,64.46582000000001,0
3673465,21,1,7,358094,41.5,83.73465,1
3867255,37,0,5,992550,22.5,48.67255,0
1699792,79,1,4,965986,63.5,42.99792,1
4574770,7,1,5,676627,23.5,67.74770000000001,0
550930,61,0,5,687719,33.5,42.509299999999996,0
4847647,46,0,9,282275,34.0,91.47647,1
2502187,16,1,9,452854,39.0,27.02187,1
3598408,16,0,6,857605,23.0,46.98408,0
2465600,89,1,4,718582,80.5,53.656,1
3777361,12,1,2,231136,35.0,67.77360999999999,0
3138915,16,1,3,218082,44.0,53.38915,0
191006,37,1,2,303301,54.5,1.91006,1
4251785,80,0,5,592383,57.0,82.51785000000001,0
4178584,77,1,6,173554,59.5,60.78584,1
4423654,44,0,5,444655,25.0,49.23654,0
788725,5,0,2,962046,20.5,17.88725,0
3003030,34,1,5,809277,47.0,64.0303,1
888768,13,1,9,528766,42.5,11.88768,1
306487,71,0,4,972879,46.5,31.06487,0
3737820,60,1,2,663311,51.0,46.3782,1
3384321,14,1,3,681469,32.0,61.84321,0
778841,53,0,3,272310,34.5,44.78841,0
3039302,26,0,9,857032,17.0,30.39302,0
3552501,12,1,4,838898,45.0,74.52501000000001,0
145232,30,1,1,830637,43.0,8.45232,0
2545840,34,1,1,549344,44.0,62.4584,1
1479904,59,1,7,750457,68.5,30.799039999999998,1
3949033,5,0,7,946366,9.5,57.49033,0
1537188,68,1,2,627564,59.0,47.371880000000004,1
1756321,85,1,9,493333,64.5,31.56321,1
638645,57,1,9,490187,52.5,50.386449999999996,1
1671951,48,0,5,319072,32.0,46.71951,0
4625121,22,0,3,891741,17.0,66.25121,0
2929455,88,0,3,255719,47.0,31.29455,0
2603292,33,1,3,746248,42.5,27.03292,1
2290421,25,1,6,800385,36.5,56.90421,1
3466823,46,1,4,749192,53.0,74.66823,1
2710469,4,0,8,166196,16.0,42.104690000000005,0
2267354,89,0,5,59404,45.5,66.67354,0
1197353,19,1,1,476855,41.5,60.97353,0
4485010,5,1,9,783478,37.5,64.8501,1
4918750,69,1,1,503814,60.5,60.1875,1
924255,58,0,6,687475,36.0,36.24255,1
3571750,63,1,1,946881,56.5,46.7175,1
4575156,17,0,3,601972,14.5,77.75156,0
2865331,3,0,5,642879,18.5,47.653310000000005,0
688158,16,1,7,431965,47.0,45.88158,1
2730723,13,0,8,783082,12.5,75.30723,0
3931661,77,0,9,314826,40.5,59.31661,1
965139,12,1,6,161186,30.0,47.65139,1
1678638,6,1,9,817469,23.0,56.78638,1
3866484,43,1,8,596120,55.5,86.66484,1
3001717,14,1,9,591285,29.0,71.01717,1
2311738,18,0,4,346784,16.0,58.11738,0
389768,62,0,9,520098,39.0,24.89768,1
2739929,34,1,7,90491,51.0,52.39929,1
3233211,80,1,5,113043,69.0,38.33211,1
2368185,34,1,5,948607,38.0,29.68185,1
3327544,18,0,1,178568,28.0,40.27544,0
1826199,19,1,2,426394,33.5,43.26199,0
4570013,34,0,3,647013,35.0,68.70013,0
4468327,31,1,8,178131,47.5,67.68327,1
543945,47,1,6,95520,53.5,44.43945,1
121253,43,1,5,375063,41.5,48.21253,1
3703110,23,1,1,684157,45.5,48.0311,0
2376787,60,1,9,638730,67.0,69.76787,1
2354614,16,1,3,835313,43.0,30.54614,0
3952666,70,1,3,202842,63.0,47.52666,1
1050162,49,0,2,417390,24.5,12.50162,0
1374634,64,1,4,752858,62.0,33.746340000000004,1
2855063,31,0,2,421831,23.5,58.55063,0
1328807,35,1,9,572485,47.5,60.28807,1
222775,12,1,7,697735,38.0,48.22775,1
4614276,69,1,8,635765,55.5,69.14276000000001,1
4563158,57,0,3,574532,41.5,48.63158,0
514600,13,0,6,915885,11.5,24.146,0
2369070,36,1,6,500953,45.0,38.6907,1
4513359,78,1,1,227561,76.0,54.13359,1
2133901,67,1,6,964394,68.5,63.33901,1
2931569,39,0,3,907735,30.5,54.315690000000004,0
